시도,시군구,읍면동,총인구수,노인인구수
서울특별시,,,9299701,1909993
서울특별시,종로구,,136798,30841
서울특별시,종로구,청운효자동,10835,2288
서울특별시,종로구,사직동,8908,1981
서울특별시,종로구,삼청동,2114,613
서울특별시,종로구,부암동,8926,2052
서울특별시,종로구,평창동,17010,4049
서울특별시,종로구,무악동,7658,1611
서울특별시,종로구,교남동,9430,1798
서울특별시,종로구,가회동,3616,907
서울특별시,종로구,종로1.2.3.4가동,6637,1869
서울특별시,종로구,종로5.6가동,5431,1133
서울특별시,종로구,이화동,7042,1493
서울특별시,종로구,혜화동,15572,2840
서울특별시,종로구,창신제1동,4414,1367
서울특별시,종로구,창신제2동,7158,2044
서울특별시,종로구,창신제3동,6111,1492
서울특별시,종로구,숭인제1동,5698,1398
서울특별시,종로구,숭인제2동,10238,1906
서울특별시,중구,,117718,27266
서울특별시,중구,소공동,2181,293
서울특별시,중구,회현동,4072,1326
서울특별시,중구,명동,2455,742
서울특별시,중구,필동,4307,971
서울특별시,중구,장충동,4525,958
서울특별시,중구,광희동,5723,1248
서울특별시,중구,을지로동,3029,511
서울특별시,중구,신당동,7399,1730
서울특별시,중구,다산동,12984,3211
서울특별시,중구,약수동,15729,4391
서울특별시,중구,청구동,10700,2704
서울특별시,중구,신당제5동,9930,2132
서울특별시,중구,동화동,9723,2362
서울특별시,중구,황학동,13121,2370
서울특별시,중구,중림동,11840,2317
서울특별시,용산구,,201746,40009
서울특별시,용산구,후암동,15652,3317
서울특별시,용산구,용산2가동,8483,2140
서울특별시,용산구,남영동,6997,1683
서울특별시,용산구,청파동,18597,3606
서울특별시,용산구,원효로제1동,17065,2251
서울특별시,용산구,원효로제2동,13396,2607
서울특별시,용산구,효창동,10406,1731
서울특별시,용산구,용문동,11045,2436
서울특별시,용산구,한강로동,20864,3490
서울특별시,용산구,이촌제1동,24872,4721
서울특별시,용산구,이촌제2동,7735,1922
서울특별시,용산구,이태원제1동,5865,1459
서울특별시,용산구,이태원제2동,8365,1822
서울특별시,용산구,한남동,13716,2737
서울특별시,용산구,서빙고동,12119,2388
서울특별시,용산구,보광동,6569,1699
서울특별시,성동구,,274695,53513
서울특별시,성동구,왕십리제2동,15713,2968
서울특별시,성동구,왕십리도선동,25538,4509
서울특별시,성동구,마장동,21407,4514
서울특별시,성동구,사근동,11880,1653
서울특별시,성동구,행당제1동,15550,2679
서울특별시,성동구,행당제2동,22329,4462
서울특별시,성동구,응봉동,14409,2687
서울특별시,성동구,금호1가동,14281,3085
서울특별시,성동구,금호2.3가동,20527,4231
서울특별시,성동구,금호4가동,13855,2876
서울특별시,성동구,옥수동,25146,4821
서울특별시,성동구,성수1가제1동,14886,2751
서울특별시,성동구,성수1가제2동,13912,2502
서울특별시,성동구,성수2가제1동,13664,3268
서울특별시,성동구,성수2가제3동,9466,2015
서울특별시,성동구,송정동,9097,2032
서울특별시,성동구,용답동,13035,2460
서울특별시,광진구,,330933,62627
서울특별시,광진구,화양동,22724,2516
서울특별시,광진구,군자동,18417,3557
서울특별시,광진구,중곡제1동,14856,2998
서울특별시,광진구,중곡제2동,19753,4079
서울특별시,광진구,중곡제3동,15155,3508
서울특별시,광진구,중곡제4동,26776,6493
서울특별시,광진구,능동,10788,1894
서울특별시,광진구,광장동,32947,4578
서울특별시,광진구,자양제1동,21493,4190
서울특별시,광진구,자양제2동,26398,4945
서울특별시,광진구,자양제3동,26640,5191
서울특별시,광진구,자양제4동,19842,4466
서울특별시,광진구,구의제1동,22821,3877
서울특별시,광진구,구의제2동,24806,5282
서울특별시,광진구,구의제3동,27517,5053
서울특별시,동대문구,,348620,72976
서울특별시,동대문구,신설동,16353,2613
서울특별시,동대문구,용두동,22602,4697
서울특별시,동대문구,제기동,22202,5849
서울특별시,동대문구,전농제1동,32172,6672
서울특별시,동대문구,전농제2동,17311,4254
서울특별시,동대문구,답십리제1동,27203,4772
서울특별시,동대문구,답십리제2동,27294,6561
서울특별시,동대문구,장안제1동,37031,8010
서울특별시,동대문구,장안제2동,32776,6391
서울특별시,동대문구,청량리동,17925,6090
서울특별시,동대문구,회기동,10080,1601
서울특별시,동대문구,휘경제1동,16653,2588
서울특별시,동대문구,휘경제2동,23505,4630
서울특별시,동대문구,이문제1동,27553,3919
서울특별시,동대문구,이문제2동,17960,4329
서울특별시,중랑구,,376920,88438
서울특별시,중랑구,면목제2동,22988,5680
서울특별시,중랑구,면목제4동,17493,4434
서울특별시,중랑구,면목제5동,14020,2836
서울특별시,중랑구,면목본동,31644,7383
서울특별시,중랑구,면목제7동,20524,5250
서울특별시,중랑구,면목제3.8동,23442,6088
서울특별시,중랑구,상봉제1동,22822,4899
서울특별시,중랑구,상봉제2동,21352,3658
서울특별시,중랑구,중화제1동,17830,4439
서울특별시,중랑구,중화제2동,25568,6258
서울특별시,중랑구,묵제1동,32920,7141
서울특별시,중랑구,묵제2동,17601,4343
서울특별시,중랑구,망우본동,37977,8339
서울특별시,중랑구,망우제3동,15156,4141
서울특별시,중랑구,신내1동,36604,8581
서울특별시,중랑구,신내2동,18979,4968
서울특별시,성북구,,422146,87657
서울특별시,성북구,성북동,15458,3329
서울특별시,성북구,삼선동,21669,4489
서울특별시,성북구,동선동,14721,2328
서울특별시,성북구,돈암제1동,13728,3390
서울특별시,성북구,돈암제2동,22900,4212
서울특별시,성북구,안암동,15398,2318
서울특별시,성북구,보문동,15764,2927
서울특별시,성북구,정릉제1동,17518,3654
서울특별시,성북구,정릉제2동,21585,5198
서울특별시,성북구,정릉제3동,13714,3366
서울특별시,성북구,정릉제4동,23520,5727
서울특별시,성북구,길음제1동,35458,5385
서울특별시,성북구,길음제2동,21331,3495
서울특별시,성북구,종암동,36744,7982
서울특별시,성북구,월곡제1동,24588,5584
서울특별시,성북구,월곡제2동,18335,4185
서울특별시,성북구,장위제1동,22713,4866
서울특별시,성북구,장위제2동,15625,3778
서울특별시,성북구,장위제3동,18650,3043
서울특별시,성북구,석관동,32727,8401
서울특별시,강북구,,278750,74483
서울특별시,강북구,삼양동,24456,6096
서울특별시,강북구,미아동,20161,5335
서울특별시,강북구,송중동,27368,6948
서울특별시,강북구,송천동,22153,6522
서울특별시,강북구,삼각산동,29922,5466
서울특별시,강북구,번1동,16009,3825
서울특별시,강북구,번2동,14290,4605
서울특별시,강북구,번3동,15525,5215
서울특별시,강북구,수유1동,19262,5234
서울특별시,강북구,수유2동,19914,5872
서울특별시,강북구,수유3동,22371,5537
서울특별시,강북구,우이동,19300,5662
서울특별시,강북구,인수동,28019,8166
서울특별시,도봉구,,299545,78667
서울특별시,도봉구,창제1동,23297,5610
서울특별시,도봉구,창제2동,27503,6618
서울특별시,도봉구,창제3동,12714,3456
서울특별시,도봉구,창제4동,25897,5430
서울특별시,도봉구,창제5동,23279,5468
서울특별시,도봉구,도봉제1동,19431,6737
서울특별시,도봉구,도봉제2동,25507,7824
서울특별시,도봉구,쌍문제1동,20448,5555
서울특별시,도봉구,쌍문제2동,17319,4724
서울특별시,도봉구,쌍문제3동,15915,4104
서울특별시,도봉구,쌍문제4동,17631,4096
서울특별시,도봉구,방학제1동,27626,7206
서울특별시,도봉구,방학제2동,17610,5310
서울특별시,도봉구,방학제3동,25368,6529
서울특별시,노원구,,482461,105180
서울특별시,노원구,월계1동,20058,4715
서울특별시,노원구,월계2동,24759,6863
서울특별시,노원구,월계3동,27780,7117
서울특별시,노원구,공릉1동,35125,7919
서울특별시,노원구,공릉2동,40594,6918
서울특별시,노원구,하계1동,25132,5439
서울특별시,노원구,하계2동,19547,3520
서울특별시,노원구,중계본동,22232,2905
서울특별시,노원구,중계1동,25905,3109
서울특별시,노원구,중계4동,18594,4571
서울특별시,노원구,중계2.3동,31414,8548
서울특별시,노원구,상계1동,35932,9066
서울특별시,노원구,상계2동,18547,4253
서울특별시,노원구,상계3.4동,26558,7220
서울특별시,노원구,상계5동,22099,6034
서울특별시,노원구,상계6.7동,30291,5887
서울특별시,노원구,상계8동,21239,3510
서울특별시,노원구,상계9동,18945,4248
서울특별시,노원구,상계10동,17710,3338
서울특별시,은평구,,454860,102800
서울특별시,은평구,녹번동,35126,8441
서울특별시,은평구,불광제1동,34153,8357
서울특별시,은평구,불광제2동,26198,7145
서울특별시,은평구,갈현제1동,13992,3480
서울특별시,은평구,갈현제2동,26737,6129
서울특별시,은평구,구산동,30618,7366
서울특별시,은평구,대조동,26990,5969
서울특별시,은평구,응암제1동,31976,6246
서울특별시,은평구,응암제2동,26767,4648
서울특별시,은평구,응암제3동,22870,6463
서울특별시,은평구,역촌동,44436,10413
서울특별시,은평구,신사제1동,25694,6187
서울특별시,은평구,신사제2동,19138,4604
서울특별시,은평구,증산동,15242,3376
서울특별시,은평구,수색동,21116,3687
서울특별시,은평구,진관동,53807,10289
서울특별시,서대문구,,299942,62264
서울특별시,서대문구,천연동,16302,3632
서울특별시,서대문구,북아현동,15108,2543
서울특별시,서대문구,충현동,19194,3867
서울특별시,서대문구,신촌동,20200,2264
서울특별시,서대문구,연희동,33047,6552
서울특별시,서대문구,홍제제1동,24312,5531
서울특별시,서대문구,홍제제3동,17247,4347
서울특별시,서대문구,홍제제2동,11939,2903
서울특별시,서대문구,홍은제1동,23266,5530
서울특별시,서대문구,홍은제2동,27189,6024
서울특별시,서대문구,남가좌제1동,16928,2618
서울특별시,서대문구,남가좌제2동,28403,5537
서울특별시,서대문구,북가좌제1동,17199,3477
서울특별시,서대문구,북가좌제2동,29608,7439
서울특별시,마포구,,357232,61962
서울특별시,마포구,아현동,28956,4087
서울특별시,마포구,공덕동,35875,6767
서울특별시,마포구,도화동,20225,4141
서울특별시,마포구,용강동,21083,3362
서울특별시,마포구,대흥동,14212,2102
서울특별시,마포구,염리동,16780,2321
서울특별시,마포구,신수동,21905,3784
서울특별시,마포구,서강동,24250,3847
서울특별시,마포구,서교동,23477,3579
서울특별시,마포구,합정동,15602,2833
서울특별시,마포구,망원제1동,18426,3761
서울특별시,마포구,망원제2동,17204,3470
서울특별시,마포구,연남동,13762,2564
서울특별시,마포구,성산제1동,18301,3367
서울특별시,마포구,성산제2동,38075,7091
서울특별시,마포구,상암동,29099,4886
서울특별시,양천구,,424606,84784
서울특별시,양천구,목1동,29950,4017
서울특별시,양천구,목2동,27823,5210
서울특별시,양천구,목3동,20668,4353
서울특별시,양천구,목4동,23594,3955
서울특별시,양천구,목5동,40383,5858
서울특별시,양천구,신월1동,18480,5208
서울특별시,양천구,신월2동,20417,4941
서울특별시,양천구,신월3동,13598,3666
서울특별시,양천구,신월4동,16684,4062
서울특별시,양천구,신월5동,13663,3060
서울특별시,양천구,신월6동,13677,2406
서울특별시,양천구,신월7동,17894,5119
서울특별시,양천구,신정1동,19488,3242
서울특별시,양천구,신정2동,18443,3219
서울특별시,양천구,신정3동,47234,9534
서울특별시,양천구,신정4동,31021,7166
서울특별시,양천구,신정6동,23875,3634
서울특별시,양천구,신정7동,27714,6134
서울특별시,강서구,,549536,113717
서울특별시,강서구,염창동,41066,5656
서울특별시,강서구,등촌제1동,24854,3635
서울특별시,강서구,등촌제2동,18992,3979
서울특별시,강서구,등촌제3동,28514,8286
서울특별시,강서구,화곡제1동,49446,10346
서울특별시,강서구,화곡제2동,16682,3467
서울특별시,강서구,화곡제3동,20509,5035
서울특별시,강서구,화곡제4동,18986,4721
서울특별시,강서구,화곡본동,31780,6137
서울특별시,강서구,화곡제6동,25410,4963
서울특별시,강서구,화곡제8동,22358,5271
서울특별시,강서구,가양제1동,33373,4140
서울특별시,강서구,가양제2동,12904,4988
서울특별시,강서구,가양제3동,13388,4171
서울특별시,강서구,발산제1동,34698,6113
서울특별시,강서구,우장산동,43691,7412
서울특별시,강서구,공항동,28640,4881
서울특별시,강서구,방화제1동,40130,8321
서울특별시,강서구,방화제2동,22774,5905
서울특별시,강서구,방화제3동,21341,6290
서울특별시,구로구,,383226,86351
서울특별시,구로구,신도림동,35667,5752
서울특별시,구로구,구로제1동,20086,3485
서울특별시,구로구,구로제2동,21739,6352
서울특별시,구로구,구로제3동,22670,4068
서울특별시,구로구,구로제4동,17695,5128
서울특별시,구로구,구로제5동,28500,5766
서울특별시,구로구,가리봉동,8752,2158
서울특별시,구로구,고척제1동,26141,5366
서울특별시,구로구,고척제2동,24891,6357
서울특별시,구로구,개봉제1동,33125,7875
서울특별시,구로구,개봉제2동,29182,7762
서울특별시,구로구,개봉제3동,18624,5112
서울특별시,구로구,오류제1동,22755,4777
서울특별시,구로구,오류제2동,35741,8543
서울특별시,구로구,수궁동,21741,5574
서울특별시,구로구,항동,15917,2276
서울특별시,금천구,,223012,49877
서울특별시,금천구,가산동,25345,3308
서울특별시,금천구,독산제1동,47443,7417
서울특별시,금천구,독산제2동,17108,4340
서울특별시,금천구,독산제3동,22626,5741
서울특별시,금천구,독산제4동,13811,3534
서울특별시,금천구,시흥제1동,31258,7436
서울특별시,금천구,시흥제2동,19880,5051
서울특별시,금천구,시흥제3동,9968,2830
서울특별시,금천구,시흥제4동,18318,5162
서울특별시,금천구,시흥제5동,17255,5058
서울특별시,영등포구,,371228,71625
서울특별시,영등포구,영등포본동,20262,4821
서울특별시,영등포구,영등포동,31177,3854
서울특별시,영등포구,여의동,34008,7034
서울특별시,영등포구,당산제1동,21043,3825
서울특별시,영등포구,당산제2동,36332,5414
서울특별시,영등포구,도림동,17612,3768
서울특별시,영등포구,문래동,31200,5253
서울특별시,영등포구,양평제1동,18193,2653
서울특별시,영등포구,양평제2동,22497,3165
서울특별시,영등포구,신길제1동,18926,4004
서울특별시,영등포구,신길제3동,16024,3724
서울특별시,영등포구,신길제4동,11811,2779
서울특별시,영등포구,신길제5동,9553,2346
서울특별시,영등포구,신길제6동,17754,3751
서울특별시,영등포구,신길제7동,19434,3074
서울특별시,영등포구,대림제1동,13213,3628
서울특별시,영등포구,대림제2동,11433,3103
서울특별시,영등포구,대림제3동,20756,5429
서울특별시,동작구,,371748,75830
서울특별시,동작구,노량진제1동,32731,6683
서울특별시,동작구,노량진제2동,7772,1831
서울특별시,동작구,상도제1동,43657,8415
서울특별시,동작구,상도제2동,26839,4968
서울특별시,동작구,상도제3동,23389,5313
서울특별시,동작구,상도제4동,28749,6222
서울특별시,동작구,흑석동,29816,5719
서울특별시,동작구,사당제1동,22110,4337
서울특별시,동작구,사당제2동,27640,6475
서울특별시,동작구,사당제3동,23106,5299
서울특별시,동작구,사당제4동,13544,3200
서울특별시,동작구,사당제5동,13795,2730
서울특별시,동작구,대방동,33723,6114
서울특별시,동작구,신대방제1동,22793,4621
서울특별시,동작구,신대방제2동,22084,3903
서울특별시,관악구,,477657,92486
서울특별시,관악구,보라매동,22950,5213
서울특별시,관악구,청림동,14230,3144
서울특별시,관악구,성현동,29651,6382
서울특별시,관악구,행운동,28405,4932
서울특별시,관악구,낙성대동,17526,2215
서울특별시,관악구,청룡동,35829,5333
서울특별시,관악구,은천동,31404,6741
서울특별시,관악구,중앙동,15127,2658
서울특별시,관악구,인헌동,24938,4655
서울특별시,관악구,남현동,17194,3366
서울특별시,관악구,서원동,22799,3785
서울특별시,관악구,신원동,17214,3656
서울특별시,관악구,서림동,23542,4216
서울특별시,관악구,신사동,22047,4021
서울특별시,관악구,신림동,23162,2171
서울특별시,관악구,난향동,14390,3282
서울특별시,관악구,조원동,19809,3512
서울특별시,관악구,대학동,24718,3593
서울특별시,관악구,삼성동,20059,6276
서울특별시,관악구,미성동,28458,7014
서울특별시,관악구,난곡동,24205,6321
서울특별시,서초구,,415407,72511
서울특별시,서초구,서초1동,19923,3552
서울특별시,서초구,서초2동,24737,3383
서울특별시,서초구,서초3동,32000,5698
서울특별시,서초구,서초4동,29987,4815
서울특별시,서초구,잠원동,34959,5145
서울특별시,서초구,반포본동,210,40
서울특별시,서초구,반포1동,33186,4494
서울특별시,서초구,반포2동,26467,3941
서울특별시,서초구,반포3동,23646,3613
서울특별시,서초구,반포4동,18274,3348
서울특별시,서초구,방배본동,19878,3561
서울특별시,서초구,방배1동,16259,3405
서울특별시,서초구,방배2동,17471,3981
서울특별시,서초구,방배3동,15470,3314
서울특별시,서초구,방배4동,25010,4241
서울특별시,서초구,양재1동,40562,8511
서울특별시,서초구,양재2동,20725,3629
서울특별시,서초구,내곡동,16643,3840
서울특별시,강남구,,555787,95827
서울특별시,강남구,신사동,15041,3232
서울특별시,강남구,논현1동,20650,3235
서울특별시,강남구,논현2동,20066,3399
서울특별시,강남구,압구정동,25503,5575
서울특별시,강남구,청담동,25694,4722
서울특별시,강남구,삼성1동,12723,2671
서울특별시,강남구,삼성2동,30321,4281
서울특별시,강남구,대치1동,23651,2968
서울특별시,강남구,대치2동,38415,6130
서울특별시,강남구,대치4동,17996,2326
서울특별시,강남구,역삼1동,34118,4157
서울특별시,강남구,역삼2동,36076,4114
서울특별시,강남구,도곡1동,20734,3467
서울특별시,강남구,도곡2동,32041,5786
서울특별시,강남구,개포1동,26612,4506
서울특별시,강남구,개포2동,41807,6059
서울특별시,강남구,개포3동,15545,3672
서울특별시,강남구,개포4동,22960,4077
서울특별시,강남구,세곡동,45838,8274
서울특별시,강남구,일원본동,22383,3939
서울특별시,강남구,일원1동,14127,3795
서울특별시,강남구,수서동,13486,5442
서울특별시,송파구,,645821,119821
서울특별시,송파구,풍납1동,10739,3056
서울특별시,송파구,풍납2동,22857,4621
서울특별시,송파구,거여1동,11747,2951
서울특별시,송파구,거여2동,23032,5161
서울특별시,송파구,마천1동,15165,4270
서울특별시,송파구,마천2동,16988,5086
서울특별시,송파구,방이1동,14898,2783
서울특별시,송파구,방이2동,26204,4261
서울특별시,송파구,오륜동,17488,3552
서울특별시,송파구,오금동,37031,8051
서울특별시,송파구,송파1동,22892,4095
서울특별시,송파구,송파2동,19305,3552
서울특별시,송파구,석촌동,30017,5384
서울특별시,송파구,삼전동,28332,4786
서울특별시,송파구,가락본동,24522,4742
서울특별시,송파구,가락1동,26963,4491
서울특별시,송파구,가락2동,28473,4845
서울특별시,송파구,문정1동,19595,3800
서울특별시,송파구,문정2동,28664,4722
서울특별시,송파구,장지동,30635,5809
서울특별시,송파구,위례동,44902,4503
서울특별시,송파구,잠실본동,27274,4505
서울특별시,송파구,잠실2동,34488,4307
서울특별시,송파구,잠실3동,33501,6743
서울특별시,송파구,잠실4동,24560,3934
서울특별시,송파구,잠실6동,16228,3368
서울특별시,송파구,잠실7동,9321,2443
서울특별시,강동구,,499307,98481
서울특별시,강동구,강일동,34320,7060
서울특별시,강동구,상일제1동,38966,5985
서울특별시,강동구,상일제2동,13295,2270
서울특별시,강동구,명일제1동,24666,4973
서울특별시,강동구,명일제2동,16890,3218
서울특별시,강동구,고덕제1동,23667,3537
서울특별시,강동구,고덕제2동,26231,4005
서울특별시,강동구,암사제1동,32598,7509
서울특별시,강동구,암사제2동,14478,2906
서울특별시,강동구,암사제3동,16857,3242
서울특별시,강동구,천호제1동,24950,6431
서울특별시,강동구,천호제2동,34795,7341
서울특별시,강동구,천호제3동,26847,5657
서울특별시,강동구,성내제1동,18909,3764
서울특별시,강동구,성내제2동,24211,5298
서울특별시,강동구,성내제3동,21545,4714
서울특별시,강동구,길동,48125,10445
서울특별시,강동구,둔촌제1동,32792,4836
서울특별시,강동구,둔촌제2동,25165,5290
부산광역시,,,3239711,823018
부산광역시,중구,,36449,12511
부산광역시,중구,중앙동,3094,521
부산광역시,중구,동광동,2286,971
부산광역시,중구,대청동,5443,1860
부산광역시,중구,보수동,9780,3259
부산광역시,중구,부평동,3957,1583
부산광역시,중구,광복동,840,337
부산광역시,중구,남포동,752,351
부산광역시,중구,영주제1동,4201,1232
부산광역시,중구,영주제2동,6096,2397
부산광역시,서구,,101633,31758
부산광역시,서구,동대신제1동,5018,1531
부산광역시,서구,동대신제2동,6216,2423
부산광역시,서구,동대신제3동,6911,2085
부산광역시,서구,서대신제1동,14440,3472
부산광역시,서구,서대신제3동,7227,1905
부산광역시,서구,서대신제4동,6878,1773
부산광역시,서구,부민동,7207,1758
부산광역시,서구,아미동,6075,2520
부산광역시,서구,초장동,3514,1613
부산광역시,서구,충무동,9228,2941
부산광역시,서구,남부민제1동,4194,1828
부산광역시,서구,남부민제2동,7289,3184
부산광역시,서구,암남동,17436,4725
부산광역시,동구,,83765,26207
부산광역시,동구,초량제1동,4810,1454
부산광역시,동구,초량제2동,4900,1958
부산광역시,동구,초량제3동,12815,2061
부산광역시,동구,초량제6동,4905,2054
부산광역시,동구,수정제1동,3974,1259
부산광역시,동구,수정제2동,8645,3121
부산광역시,동구,수정제4동,3231,1481
부산광역시,동구,수정제5동,4434,1929
부산광역시,동구,좌천동,10705,3665
부산광역시,동구,범일제1동,10266,4080
부산광역시,동구,범일제2동,6122,1570
부산광역시,동구,범일제5동,8958,1575
부산광역시,영도구,,101252,35736
부산광역시,영도구,남항동,9811,3788
부산광역시,영도구,영선제1동,3519,1400
부산광역시,영도구,영선제2동,7038,2679
부산광역시,영도구,신선동,6491,2978
부산광역시,영도구,봉래제1동,6379,2325
부산광역시,영도구,봉래제2동,6920,2205
부산광역시,영도구,청학제1동,5102,1867
부산광역시,영도구,청학제2동,15642,5193
부산광역시,영도구,동삼제1동,27145,8406
부산광역시,영도구,동삼제2동,5002,1209
부산광역시,영도구,동삼제3동,8203,3686
부산광역시,부산진구,,365384,87871
부산광역시,부산진구,부전제1동,13995,2635
부산광역시,부산진구,부전제2동,12290,1719
부산광역시,부산진구,연지동,25393,6381
부산광역시,부산진구,초읍동,21422,6845
부산광역시,부산진구,양정제1동,18896,4885
부산광역시,부산진구,양정제2동,20609,3015
부산광역시,부산진구,전포제1동,20361,3234
부산광역시,부산진구,전포제2동,22859,5900
부산광역시,부산진구,부암제1동,23848,5094
부산광역시,부산진구,부암제3동,23743,4856
부산광역시,부산진구,당감제1동,20151,6220
부산광역시,부산진구,당감제2동,11552,2778
부산광역시,부산진구,당감제4동,9781,2894
부산광역시,부산진구,가야제1동,15690,4547
부산광역시,부산진구,가야제2동,17702,4947
부산광역시,부산진구,개금제1동,18134,3525
부산광역시,부산진구,개금제2동,9587,2908
부산광역시,부산진구,개금제3동,25470,7236
부산광역시,부산진구,범천제1동,12288,2553
부산광역시,부산진구,범천제2동,21613,5699
부산광역시,동래구,,273171,64414
부산광역시,동래구,수민동,29776,7745
부산광역시,동래구,복산동,7885,3090
부산광역시,동래구,명륜동,25126,4032
부산광역시,동래구,온천제1동,33859,6030
부산광역시,동래구,온천제2동,23930,5018
부산광역시,동래구,온천제3동,35550,8877
부산광역시,동래구,사직제1동,11653,2640
부산광역시,동래구,사직제2동,24388,3989
부산광역시,동래구,사직제3동,16577,3875
부산광역시,동래구,안락제1동,12997,4333
부산광역시,동래구,안락제2동,25393,6607
부산광역시,동래구,명장제1동,12926,3933
부산광역시,동래구,명장제2동,13111,4245
부산광역시,남구,,251114,64274
부산광역시,남구,대연제1동,14914,3967
부산광역시,남구,대연제3동,35877,5559
부산광역시,남구,대연제4동,13697,3649
부산광역시,남구,대연제5동,15944,3958
부산광역시,남구,대연제6동,15669,2864
부산광역시,남구,용호제1동,41946,10206
부산광역시,남구,용호제2동,19073,4880
부산광역시,남구,용호제3동,10002,3688
부산광역시,남구,용호제4동,7467,2401
부산광역시,남구,용당동,7509,2101
부산광역시,남구,감만제1동,7513,2216
부산광역시,남구,감만제2동,6042,2399
부산광역시,남구,우암동,12829,4539
부산광역시,남구,문현제1동,10258,3105
부산광역시,남구,문현제2동,8100,2209
부산광역시,남구,문현제3동,15890,3884
부산광역시,남구,문현제4동,8384,2649
부산광역시,북구,,262506,67395
부산광역시,북구,구포제1동,14589,4257
부산광역시,북구,구포제2동,22510,6178
부산광역시,북구,구포제3동,16821,4874
부산광역시,북구,금곡동,33829,10804
부산광역시,북구,화명제1동,38772,6657
부산광역시,북구,화명제2동,16555,3733
부산광역시,북구,화명제3동,27754,5060
부산광역시,북구,덕천제1동,13801,4087
부산광역시,북구,덕천제2동,10515,3393
부산광역시,북구,덕천제3동,9317,3199
부산광역시,북구,만덕제1동,15768,3774
부산광역시,북구,만덕제2동,25463,6323
부산광역시,북구,만덕제3동,16812,5056
부산광역시,해운대구,,372400,88156
부산광역시,해운대구,우제1동,23808,5574
부산광역시,해운대구,우제2동,29686,5977
부산광역시,해운대구,우제3동,27915,5803
부산광역시,해운대구,중제1동,27361,5275
부산광역시,해운대구,중제2동,15200,3493
부산광역시,해운대구,좌제1동,16869,3185
부산광역시,해운대구,좌제2동,29928,6118
부산광역시,해운대구,좌제3동,14896,3788
부산광역시,해운대구,좌제4동,21630,4141
부산광역시,해운대구,송정동,8995,3039
부산광역시,해운대구,반여제1동,35038,6922
부산광역시,해운대구,반여제2동,10888,3859
부산광역시,해운대구,반여제3동,7113,2832
부산광역시,해운대구,반여제4동,14249,3258
부산광역시,해운대구,반송제1동,11420,4710
부산광역시,해운대구,반송제2동,19965,8090
부산광역시,해운대구,재송제1동,36021,6009
부산광역시,해운대구,재송제2동,21418,6083
부산광역시,사하구,,285534,76876
부산광역시,사하구,괴정제1동,16291,5253
부산광역시,사하구,괴정제2동,14404,4221
부산광역시,사하구,괴정제3동,11161,3962
부산광역시,사하구,괴정제4동,13790,3425
부산광역시,사하구,당리동,23170,6715
부산광역시,사하구,하단제1동,20488,5061
부산광역시,사하구,하단제2동,25011,5331
부산광역시,사하구,신평제1동,14748,4411
부산광역시,사하구,신평제2동,16595,3685
부산광역시,사하구,장림제1동,13330,2622
부산광역시,사하구,장림제2동,24560,6092
부산광역시,사하구,다대제1동,34560,8867
부산광역시,사하구,다대제2동,24531,7218
부산광역시,사하구,구평동,12122,2304
부산광역시,사하구,감천제1동,15930,5468
부산광역시,사하구,감천제2동,4843,2241
부산광역시,금정구,,206039,58866
부산광역시,금정구,서제1동,4000,1732
부산광역시,금정구,서제2동,7642,2862
부산광역시,금정구,서제3동,9603,3772
부산광역시,금정구,금사회동동,6643,2690
부산광역시,금정구,부곡제1동,6928,2826
부산광역시,금정구,부곡제2동,16448,4243
부산광역시,금정구,부곡제3동,14426,3738
부산광역시,금정구,부곡제4동,11114,3858
부산광역시,금정구,장전제1동,17581,3073
부산광역시,금정구,장전제2동,26250,5464
부산광역시,금정구,선두구동,1943,851
부산광역시,금정구,청룡노포동,8932,3218
부산광역시,금정구,남산동,25229,7906
부산광역시,금정구,구서제1동,18251,4392
부산광역시,금정구,구서제2동,30175,7923
부산광역시,금정구,금성동,874,318
부산광역시,강서구,,150848,23089
부산광역시,강서구,대저1동,5397,2449
부산광역시,강서구,대저2동,5930,1913
부산광역시,강서구,강동동,17493,2248
부산광역시,강서구,명지1동,54094,5176
부산광역시,강서구,명지2동,29519,3175
부산광역시,강서구,가락동,1996,1022
부산광역시,강서구,녹산동,17010,2919
부산광역시,강서구,가덕도동,4129,1606
부산광역시,강서구,신호동,15280,2581
부산광역시,연제구,,211664,51426
부산광역시,연제구,거제제1동,27623,5975
부산광역시,연제구,거제제2동,25131,3328
부산광역시,연제구,거제제3동,8905,3135
부산광역시,연제구,거제제4동,9255,2604
부산광역시,연제구,연산제1동,15153,3982
부산광역시,연제구,연산제2동,22512,4749
부산광역시,연제구,연산제3동,9981,2825
부산광역시,연제구,연산제4동,17309,5031
부산광역시,연제구,연산제5동,16760,3404
부산광역시,연제구,연산제6동,14996,4808
부산광역시,연제구,연산제8동,12732,3251
부산광역시,연제구,연산제9동,31307,8334
부산광역시,수영구,,168912,45816
부산광역시,수영구,남천제1동,16631,3771
부산광역시,수영구,남천제2동,13332,3205
부산광역시,수영구,수영동,13419,4907
부산광역시,수영구,망미제1동,25054,8221
부산광역시,수영구,망미제2동,9390,2956
부산광역시,수영구,광안제1동,24521,5965
부산광역시,수영구,광안제2동,17824,4296
부산광역시,수영구,광안제3동,8881,2447
부산광역시,수영구,광안제4동,13017,3359
부산광역시,수영구,민락동,26843,6689
부산광역시,사상구,,193750,51878
부산광역시,사상구,삼락동,4806,1735
부산광역시,사상구,모라제1동,25217,7252
부산광역시,사상구,모라제3동,8623,3991
부산광역시,사상구,덕포제1동,11466,2714
부산광역시,사상구,덕포제2동,11578,3299
부산광역시,사상구,괘법동,24095,5299
부산광역시,사상구,감전동,11318,3721
부산광역시,사상구,주례제1동,16010,3794
부산광역시,사상구,주례제2동,20607,4742
부산광역시,사상구,주례제3동,11621,3337
부산광역시,사상구,학장동,25250,7122
부산광역시,사상구,엄궁동,23159,4872
부산광역시,기장군,,175290,36745
부산광역시,기장군,기장읍,50970,14256
부산광역시,기장군,장안읍,8432,2850
부산광역시,기장군,정관읍,77529,11176
부산광역시,기장군,일광읍,31129,5412
부산광역시,기장군,철마면,7230,3051
대구광역시,,,2352249,522660
대구광역시,중구,,101099,18608
대구광역시,중구,동인동,10949,2080
대구광역시,중구,삼덕동,7381,968
대구광역시,중구,성내1동,5320,944
대구광역시,중구,성내2동,8720,1324
대구광역시,중구,성내3동,13566,1487
대구광역시,중구,대신동,7306,1686
대구광역시,중구,남산1동,5055,1030
대구광역시,중구,남산2동,7175,1253
대구광역시,중구,남산3동,5870,1645
대구광역시,중구,남산4동,16094,3499
대구광역시,중구,대봉1동,7725,1682
대구광역시,중구,대봉2동,5938,1010
대구광역시,동구,,339167,85086
대구광역시,동구,신암1동,10833,2844
대구광역시,동구,신암2동,11505,2677
대구광역시,동구,신암3동,11241,2250
대구광역시,동구,신암4동,18407,3859
대구광역시,동구,신암5동,7369,2206
대구광역시,동구,신천1.2동,11149,3757
대구광역시,동구,신천3동,14242,2624
대구광역시,동구,신천4동,11392,2228
대구광역시,동구,효목1동,11617,4320
대구광역시,동구,효목2동,14149,3869
대구광역시,동구,도평동,3428,1193
대구광역시,동구,불로.봉무동,19601,4193
대구광역시,동구,지저동,12541,4282
대구광역시,동구,동촌동,13944,4359
대구광역시,동구,방촌동,16912,5623
대구광역시,동구,해안동,13194,4444
대구광역시,동구,안심1동,37521,9536
대구광역시,동구,안심2동,16986,3578
대구광역시,동구,안심3동,20006,3437
대구광역시,동구,안심4동,26546,5466
대구광역시,동구,혁신동,16665,2212
대구광역시,동구,공산동,19919,6129
대구광역시,서구,,164018,47613
대구광역시,서구,내당1동,14096,2853
대구광역시,서구,내당2.3동,7969,2962
대구광역시,서구,내당4동,14230,4417
대구광역시,서구,비산1동,7901,2745
대구광역시,서구,비산2.3동,7706,3162
대구광역시,서구,비산4동,8335,2828
대구광역시,서구,비산5동,4842,1936
대구광역시,서구,비산6동,6437,2244
대구광역시,서구,비산7동,8866,2831
대구광역시,서구,평리1동,6241,2217
대구광역시,서구,평리2동,6947,1963
대구광역시,서구,평리3동,12180,3143
대구광역시,서구,평리4동,15280,4197
대구광역시,서구,평리5동,10371,1314
대구광역시,서구,평리6동,5451,1265
대구광역시,서구,상중이동,17109,4806
대구광역시,서구,원대동,10057,2730
대구광역시,남구,,136497,39200
대구광역시,남구,이천동,14328,3602
대구광역시,남구,봉덕1동,7821,2525
대구광역시,남구,봉덕2동,12984,3427
대구광역시,남구,봉덕3동,14281,4459
대구광역시,남구,대명1동,9392,2753
대구광역시,남구,대명2동,12856,2843
대구광역시,남구,대명3동,9149,3065
대구광역시,남구,대명4동,9229,3150
대구광역시,남구,대명5동,7556,1588
대구광역시,남구,대명6동,10492,2672
대구광역시,남구,대명9동,13226,3765
대구광역시,남구,대명10동,7949,2700
대구광역시,남구,대명11동,7234,2651
대구광역시,북구,,408890,83327
대구광역시,북구,고성동,14468,1517
대구광역시,북구,칠성동,22944,4337
대구광역시,북구,침산1동,3477,1231
대구광역시,북구,침산2동,17964,2854
대구광역시,북구,침산3동,17897,3954
대구광역시,북구,산격1동,7522,3195
대구광역시,북구,산격2동,9499,2608
대구광역시,북구,산격3동,8094,1933
대구광역시,북구,산격4동,7053,2329
대구광역시,북구,대현동,15509,4273
대구광역시,북구,복현1동,6842,1193
대구광역시,북구,복현2동,28817,5349
대구광역시,북구,검단동,5524,1978
대구광역시,북구,무태조야동,32898,6181
대구광역시,북구,관문동,32344,5917
대구광역시,북구,태전1동,21113,4738
대구광역시,북구,태전2동,21797,5007
대구광역시,북구,구암동,30693,5074
대구광역시,북구,관음동,13890,3720
대구광역시,북구,읍내동,24940,5415
대구광역시,북구,동천동,25010,3419
대구광역시,북구,노원동,11029,3183
대구광역시,북구,국우동,29566,3922
대구광역시,수성구,,409332,83662
대구광역시,수성구,범어1동,22385,3048
대구광역시,수성구,범어2동,14096,2625
대구광역시,수성구,범어3동,17243,2014
대구광역시,수성구,범어4동,18708,2115
대구광역시,수성구,만촌1동,20466,4872
대구광역시,수성구,만촌2동,13200,2440
대구광역시,수성구,만촌3동,20838,2512
대구광역시,수성구,수성1가동,17037,4045
대구광역시,수성구,수성2.3가동,10272,2137
대구광역시,수성구,수성4가동,13002,3438
대구광역시,수성구,황금1동,21151,3521
대구광역시,수성구,황금2동,11625,2498
대구광역시,수성구,중동,14458,2757
대구광역시,수성구,상동,14040,4104
대구광역시,수성구,파동,16549,4004
대구광역시,수성구,두산동,14815,2599
대구광역시,수성구,지산1동,18774,5661
대구광역시,수성구,지산2동,18361,4846
대구광역시,수성구,범물1동,9813,4260
대구광역시,수성구,범물2동,15649,3713
대구광역시,수성구,고산1동,31437,5365
대구광역시,수성구,고산2동,25894,5140
대구광역시,수성구,고산3동,29519,5948
대구광역시,달서구,,516497,107867
대구광역시,달서구,성당동,20208,5665
대구광역시,달서구,두류1.2동,15649,3999
대구광역시,달서구,두류3동,8995,2432
대구광역시,달서구,감삼동,31104,4986
대구광역시,달서구,죽전동,14366,3126
대구광역시,달서구,장기동,15407,3208
대구광역시,달서구,용산1동,28189,5071
대구광역시,달서구,용산2동,24957,4839
대구광역시,달서구,이곡1동,19880,3626
대구광역시,달서구,이곡2동,14261,3414
대구광역시,달서구,신당동,27696,5642
대구광역시,달서구,본리동,22580,3697
대구광역시,달서구,월성1동,39820,3766
대구광역시,달서구,월성2동,13643,5160
대구광역시,달서구,진천동,49936,10087
대구광역시,달서구,유천동,33012,2314
대구광역시,달서구,상인1동,32433,6859
대구광역시,달서구,상인2동,16958,3980
대구광역시,달서구,상인3동,9633,4200
대구광역시,달서구,도원동,31317,8217
대구광역시,달서구,송현1동,16121,4835
대구광역시,달서구,송현2동,17966,5557
대구광역시,달서구,본동,12366,3187
대구광역시,달성군,,254213,46241
대구광역시,달성군,화원읍,45744,10803
대구광역시,달성군,논공읍,4166,1424
대구광역시,달성군,논공읍공단출장소,10849,2205
대구광역시,달성군,다사읍,51696,8002
대구광역시,달성군,다사읍서재출장소,37675,4082
대구광역시,달성군,유가읍,31358,3031
대구광역시,달성군,옥포읍,22558,5576
대구광역시,달성군,현풍읍,21248,4084
대구광역시,달성군,가창면,6815,2952
대구광역시,달성군,하빈면,3184,1462
대구광역시,달성군,구지면,18920,2620
대구광역시,군위군,,22536,11056
대구광역시,군위군,군위읍,7874,2845
대구광역시,군위군,소보면,2239,1249
대구광역시,군위군,효령면,3627,1937
대구광역시,군위군,부계면,2085,1075
대구광역시,군위군,우보면,1960,1137
대구광역시,군위군,의흥면,2237,1304
대구광역시,군위군,산성면,1195,714
대구광역시,군위군,삼국유사면,1319,795
인천광역시,,,3053308,579440
인천광역시,중구,,177090,29129
인천광역시,중구,연안동,5019,1757
인천광역시,중구,신포동,4417,1456
인천광역시,중구,신흥동,14162,3363
인천광역시,중구,도원동,3407,1359
인천광역시,중구,율목동,2934,1048
인천광역시,중구,동인천동,5203,1929
인천광역시,중구,개항동,6461,2251
인천광역시,중구,영종동,29235,4628
인천광역시,중구,영종1동,35623,3410
인천광역시,중구,영종2동,27426,2328
인천광역시,중구,용유동,3369,1519
인천광역시,중구,운서1동,17451,2270
인천광역시,중구,운서2동,22383,1811
인천광역시,중구영종출장소,,0,0
인천광역시,중구용유출장소,,0,0
인천광역시,동구,,56469,16379
인천광역시,동구,만석동,6094,1803
인천광역시,동구,화수1.화평동,5196,1875
인천광역시,동구,화수2동,6651,2468
인천광역시,동구,송현1.2동,9450,2563
인천광역시,동구,송현3동,2615,1039
인천광역시,동구,송림1동,6515,1186
인천광역시,동구,송림2동,1136,527
인천광역시,동구,송림3.5동,5154,1401
인천광역시,동구,송림4동,5914,1038
인천광역시,동구,송림6동,5617,1559
인천광역시,동구,금창동,2127,920
인천광역시,미추홀구,,417198,90154
인천광역시,미추홀구,숭의2동,13390,3297
인천광역시,미추홀구,숭의1.3동,17418,3287
인천광역시,미추홀구,숭의4동,16489,3919
인천광역시,미추홀구,용현1.4동,16775,4359
인천광역시,미추홀구,용현2동,22599,4251
인천광역시,미추홀구,용현3동,6650,2209
인천광역시,미추홀구,용현5동,44295,8130
인천광역시,미추홀구,학익1동,41433,6606
인천광역시,미추홀구,학익2동,16792,4498
인천광역시,미추홀구,도화1동,20394,4753
인천광역시,미추홀구,도화2.3동,29826,5608
인천광역시,미추홀구,주안1동,19591,3028
인천광역시,미추홀구,주안2동,21535,5079
인천광역시,미추홀구,주안3동,12117,2803
인천광역시,미추홀구,주안4동,19818,4799
인천광역시,미추홀구,주안5동,19024,4593
인천광역시,미추홀구,주안6동,20892,4464
인천광역시,미추홀구,주안7동,12064,3607
인천광역시,미추홀구,주안8동,18567,4779
인천광역시,미추홀구,관교동,13757,3647
인천광역시,미추홀구,문학동,13772,2438
인천광역시,연수구,,409814,57800
인천광역시,연수구,옥련1동,17238,3970
인천광역시,연수구,옥련2동,19652,3859
인천광역시,연수구,선학동,17408,4301
인천광역시,연수구,연수1동,16087,3548
인천광역시,연수구,연수2동,19021,4037
인천광역시,연수구,연수3동,14305,3835
인천광역시,연수구,청학동,21875,5622
인천광역시,연수구,동춘1동,25420,3870
인천광역시,연수구,동춘2동,16480,3096
인천광역시,연수구,동춘3동,17447,2891
인천광역시,연수구,송도1동,36627,4640
인천광역시,연수구,송도2동,37313,2935
인천광역시,연수구,송도3동,49463,3999
인천광역시,연수구,송도4동,55084,3651
인천광역시,연수구,송도5동,46394,3546
인천광역시,남동구,,480148,98908
인천광역시,남동구,구월1동,30208,5571
인천광역시,남동구,구월2동,36709,6181
인천광역시,남동구,구월3동,27762,4171
인천광역시,남동구,구월4동,12703,3567
인천광역시,남동구,간석1동,18027,4210
인천광역시,남동구,간석2동,20395,4524
인천광역시,남동구,간석3동,24776,5994
인천광역시,남동구,간석4동,27654,5993
인천광역시,남동구,만수1동,15118,4444
인천광역시,남동구,만수2동,22065,4904
인천광역시,남동구,만수3동,15729,3482
인천광역시,남동구,만수4동,18232,4526
인천광역시,남동구,만수5동,13889,4051
인천광역시,남동구,만수6동,21706,5532
인천광역시,남동구,장수서창동,18247,4322
인천광역시,남동구,서창2동,37474,5843
인천광역시,남동구,남촌도림동,18761,4720
인천광역시,남동구,논현1동,30945,5462
인천광역시,남동구,논현2동,30502,6237
인천광역시,남동구,논현고잔동,39246,5174
인천광역시,부평구,,490227,100341
인천광역시,부평구,부평1동,34448,6930
인천광역시,부평구,부평2동,16635,3481
인천광역시,부평구,부평3동,14860,3496
인천광역시,부평구,부평4동,32852,6460
인천광역시,부평구,부평5동,32894,5346
인천광역시,부평구,부평6동,19045,3680
인천광역시,부평구,산곡1동,14252,2608
인천광역시,부평구,산곡2동,28647,5356
인천광역시,부평구,산곡3동,19711,5569
인천광역시,부평구,산곡4동,16222,3553
인천광역시,부평구,청천1동,22563,2968
인천광역시,부평구,청천2동,32622,6396
인천광역시,부평구,갈산1동,14016,3149
인천광역시,부평구,갈산2동,17070,4518
인천광역시,부평구,삼산1동,31344,6421
인천광역시,부평구,삼산2동,26920,4303
인천광역시,부평구,부개1동,14752,4387
인천광역시,부평구,부개2동,18770,3878
인천광역시,부평구,부개3동,27297,5386
인천광역시,부평구,일신동,11166,2787
인천광역시,부평구,십정1동,23711,4229
인천광역시,부평구,십정2동,20430,5440
인천광역시,계양구,,277636,56472
인천광역시,계양구,효성1동,25623,5605
인천광역시,계양구,효성2동,29102,6090
인천광역시,계양구,계산1동,17251,4298
인천광역시,계양구,계산2동,13831,3656
인천광역시,계양구,계산3동,16992,3451
인천광역시,계양구,계산4동,22049,3373
인천광역시,계양구,작전1동,25474,5004
인천광역시,계양구,작전2동,23483,4912
인천광역시,계양구,작전서운동,31915,5084
인천광역시,계양구,계양1동,18550,4213
인천광역시,계양구,계양2동,30416,6796
인천광역시,계양구,계양3동,22950,3990
인천광역시,서구,,655469,94645
인천광역시,서구,검암경서동,42946,5736
인천광역시,서구,연희동,36232,7850
인천광역시,서구,청라1동,30467,2513
인천광역시,서구,청라2동,47767,4625
인천광역시,서구,청라3동,36468,2745
인천광역시,서구,가정1동,41231,5559
인천광역시,서구,가정2동,17087,1844
인천광역시,서구,가정3동,8342,1808
인천광역시,서구,석남1동,19696,4794
인천광역시,서구,석남2동,11697,3126
인천광역시,서구,석남3동,13028,3000
인천광역시,서구,신현원창동,28698,5653
인천광역시,서구,가좌1동,12325,2718
인천광역시,서구,가좌2동,18012,4005
인천광역시,서구,가좌3동,14929,4077
인천광역시,서구,가좌4동,12121,2669
인천광역시,서구,검단동,32142,5238
인천광역시,서구,불로대곡동,44070,5004
인천광역시,서구,원당동,22416,3066
인천광역시,서구,당하동,42978,5819
인천광역시,서구,오류왕길동,25281,4425
인천광역시,서구,마전동,21126,3083
인천광역시,서구,아라1동,45595,3052
인천광역시,서구,아라2동,30815,2236
인천광역시,서구검단출장소,,0,0
인천광역시,강화군,,69698,28512
인천광역시,강화군,강화읍,21520,6811
인천광역시,강화군,선원면,10071,3056
인천광역시,강화군,불은면,4975,2442
인천광역시,강화군,길상면,7233,3006
인천광역시,강화군,화도면,4485,2205
인천광역시,강화군,양도면,4176,2060
인천광역시,강화군,내가면,2897,1497
인천광역시,강화군,하점면,3971,2080
인천광역시,강화군,양사면,1913,979
인천광역시,강화군,송해면,3190,1537
인천광역시,강화군,교동면,2620,1431
인천광역시,강화군,삼산면,2011,1052
인천광역시,강화군,서도면,363,192
인천광역시,강화군,서도면볼음출장소,273,164
인천광역시,옹진군,,19559,7100
인천광역시,옹진군,북도면,1155,552
인천광역시,옹진군,북도면장봉출장소,947,451
인천광역시,옹진군,백령면,4551,1307
인천광역시,옹진군,대청면,1149,422
인천광역시,옹진군,대청면소청출장소,235,113
인천광역시,옹진군,덕적면,1872,942
인천광역시,옹진군,영흥면,6470,2211
인천광역시,옹진군,자월면,930,449
인천광역시,옹진군,자월면이작출장소,360,174
인천광역시,옹진군,연평면,1890,479
광주광역시,,,1390658,262503
광주광역시,동구,,104794,25985
광주광역시,동구,충장동,5953,1167
광주광역시,동구,동명동,3377,1018
광주광역시,동구,계림1동,9825,2158
광주광역시,동구,계림2동,13202,2458
광주광역시,동구,산수1동,7611,2027
광주광역시,동구,산수2동,9269,2884
광주광역시,동구,지산1동,3838,1030
광주광역시,동구,지산2동,4018,1141
광주광역시,동구,서남동,3385,702
광주광역시,동구,학동,6959,1748
광주광역시,동구,학운동,10441,3835
광주광역시,동구,지원1동,8817,2280
광주광역시,동구,지원2동,18099,3537
광주광역시,서구,,275318,53886
광주광역시,서구,양동,2686,1258
광주광역시,서구,양3동,4025,1264
광주광역시,서구,농성1동,11386,2828
광주광역시,서구,농성2동,4184,1267
광주광역시,서구,광천동,5049,934
광주광역시,서구,유덕동,9934,1668
광주광역시,서구,치평동,28916,4488
광주광역시,서구,상무1동,24474,3948
광주광역시,서구,상무2동,21864,5554
광주광역시,서구,화정1동,15516,3317
광주광역시,서구,화정2동,19147,3473
광주광역시,서구,화정3동,8603,2421
광주광역시,서구,화정4동,18890,4199
광주광역시,서구,서창동,6999,1500
광주광역시,서구,금호1동,19447,4497
광주광역시,서구,금호2동,25980,3521
광주광역시,서구,풍암동,33215,5225
광주광역시,서구,동천동,15003,2524
광주광역시,남구,,207236,47014
광주광역시,남구,양림동,6216,1929
광주광역시,남구,방림1동,6191,1489
광주광역시,남구,방림2동,9004,2577
광주광역시,남구,봉선1동,13483,3202
광주광역시,남구,봉선2동,27341,4341
광주광역시,남구,사직동,4397,1448
광주광역시,남구,월산동,10871,2615
광주광역시,남구,월산4동,7548,2369
광주광역시,남구,월산5동,5476,1841
광주광역시,남구,백운1동,11214,3099
광주광역시,남구,백운2동,6624,1525
광주광역시,남구,주월1동,20137,4318
광주광역시,남구,주월2동,6975,2281
광주광역시,남구,진월동,27270,5557
광주광역시,남구,효덕동,14802,3298
광주광역시,남구,송암동,20629,2705
광주광역시,남구,대촌동,9058,2420
광주광역시,북구,,416262,84522
광주광역시,북구,중흥1동,4236,1048
광주광역시,북구,중흥동,14867,3069
광주광역시,북구,중앙동,3484,715
광주광역시,북구,임동,14102,2608
광주광역시,북구,신안동,11856,2771
광주광역시,북구,용봉동,35837,6749
광주광역시,북구,운암1동,17963,3828
광주광역시,북구,운암2동,10534,3206
광주광역시,북구,운암3동,13780,2821
광주광역시,북구,동림동,21368,4109
광주광역시,북구,우산동,15361,3903
광주광역시,북구,풍향동,4971,1122
광주광역시,북구,문화동,22459,4954
광주광역시,북구,문흥1동,14350,3246
광주광역시,북구,문흥2동,14020,3428
광주광역시,북구,두암1동,6784,2197
광주광역시,북구,두암2동,14128,4116
광주광역시,북구,두암3동,11604,4474
광주광역시,북구,삼각동,12880,2198
광주광역시,북구,일곡동,27091,3700
광주광역시,북구,매곡동,12727,2410
광주광역시,북구,오치1동,9773,2310
광주광역시,북구,오치2동,11080,3321
광주광역시,북구,석곡동,2167,960
광주광역시,북구,건국동,22396,3017
광주광역시,북구,양산동,34812,5459
광주광역시,북구,신용동,31632,2783
광주광역시,광산구,,387048,51096
광주광역시,광산구,송정1동,9783,2176
광주광역시,광산구,송정2동,5829,1653
광주광역시,광산구,도산동,13915,2562
광주광역시,광산구,신흥동,3966,1079
광주광역시,광산구,어룡동,36450,4556
광주광역시,광산구,우산동,27794,5131
광주광역시,광산구,월곡1동,9137,1917
광주광역시,광산구,월곡2동,13961,2376
광주광역시,광산구,비아동,7105,1185
광주광역시,광산구,첨단1동,27298,3139
광주광역시,광산구,첨단2동,40483,3929
광주광역시,광산구,신가동,18395,1714
광주광역시,광산구,운남동,28123,3960
광주광역시,광산구,수완동,72843,5430
광주광역시,광산구,하남동,26796,2559
광주광역시,광산구,임곡동,1837,889
광주광역시,광산구,동곡동,1564,778
광주광역시,광산구,평동,4903,1511
광주광역시,광산구,삼도동,2013,976
광주광역시,광산구,본량동,1792,900
광주광역시,광산구,신창동,33061,2676
대전광역시,,,1440550,277404
대전광역시,동구,,218109,53020
대전광역시,동구,중앙동,3315,1461
대전광역시,동구,효동,29251,4928
대전광역시,동구,신인동,14723,3533
대전광역시,동구,판암1동,11619,3523
대전광역시,동구,판암2동,7626,3394
대전광역시,동구,용운동,20726,4247
대전광역시,동구,대동,13344,2921
대전광역시,동구,자양동,10497,2379
대전광역시,동구,가양1동,12646,3463
대전광역시,동구,가양2동,17841,4242
대전광역시,동구,용전동,19465,3843
대전광역시,동구,성남동,10313,2982
대전광역시,동구,홍도동,10732,2466
대전광역시,동구,삼성동,12947,3960
대전광역시,동구,대청동,2080,973
대전광역시,동구,산내동,20984,4705
대전광역시,중구,,225423,55397
대전광역시,중구,은행선화동,24010,3345
대전광역시,중구,목동,17359,2091
대전광역시,중구,중촌동,14906,3429
대전광역시,중구,대흥동,12103,2499
대전광역시,중구,문창동,4101,1538
대전광역시,중구,석교동,13559,4819
대전광역시,중구,대사동,5110,1618
대전광역시,중구,부사동,5844,2007
대전광역시,중구,용두동,9729,1970
대전광역시,중구,오류동,9775,2623
대전광역시,중구,태평1동,12032,2699
대전광역시,중구,태평2동,23335,5917
대전광역시,중구,유천1동,5751,1672
대전광역시,중구,유천2동,12438,3901
대전광역시,중구,문화1동,20054,4318
대전광역시,중구,문화2동,10990,3491
대전광역시,중구,산성동,24327,7460
대전광역시,서구,,463443,81539
대전광역시,서구,복수동,20944,3704
대전광역시,서구,도마1동,17873,4490
대전광역시,서구,도마2동,19207,5000
대전광역시,서구,정림동,14516,4179
대전광역시,서구,변동,12184,3358
대전광역시,서구,용문동,18993,3101
대전광역시,서구,탄방동,30874,3929
대전광역시,서구,괴정동,17932,2636
대전광역시,서구,가장동,10375,2640
대전광역시,서구,내동,21552,4844
대전광역시,서구,갈마1동,20538,3982
대전광역시,서구,갈마2동,22903,3209
대전광역시,서구,월평1동,10937,1734
대전광역시,서구,월평2동,13199,3846
대전광역시,서구,월평3동,19754,3740
대전광역시,서구,가수원동,9877,2778
대전광역시,서구,도안동,36407,2813
대전광역시,서구,관저1동,14333,2442
대전광역시,서구,관저2동,47193,5462
대전광역시,서구,기성동,3227,1478
대전광역시,서구,둔산1동,16164,2054
대전광역시,서구,둔산2동,34036,4600
대전광역시,서구,만년동,11855,1609
대전광역시,서구,둔산3동,18570,3911
대전광역시,유성구,,368354,49702
대전광역시,유성구,진잠동,24909,4886
대전광역시,유성구,학하동,19532,2758
대전광역시,유성구,상대동,24966,3015
대전광역시,유성구,온천1동,26535,4463
대전광역시,유성구,온천2동,40455,6030
대전광역시,유성구,노은1동,20640,2739
대전광역시,유성구,노은2동,23124,3473
대전광역시,유성구,노은3동,35529,4845
대전광역시,유성구,신성동,25358,2733
대전광역시,유성구,전민동,25348,3282
대전광역시,유성구,구즉동,32618,4269
대전광역시,유성구,관평동,37751,3058
대전광역시,유성구,원신흥동,31589,4151
대전광역시,대덕구,,165221,37746
대전광역시,대덕구,오정동,13053,3711
대전광역시,대덕구,대화동,5210,1562
대전광역시,대덕구,회덕동,12077,3433
대전광역시,대덕구,비래동,14307,3730
대전광역시,대덕구,송촌동,26846,4005
대전광역시,대덕구,중리동,17533,4392
대전광역시,대덕구,신탄진동,15982,3507
대전광역시,대덕구,석봉동,15664,2332
대전광역시,대덕구,덕암동,12322,2922
대전광역시,대덕구,목상동,5813,984
대전광역시,대덕구,법1동,12057,3221
대전광역시,대덕구,법2동,14357,3947
울산광역시,,,1091281,204611
울산광역시,중구,,203968,44806
울산광역시,중구,학성동,10620,3303
울산광역시,중구,반구1동,15340,3384
울산광역시,중구,반구2동,7983,2247
울산광역시,중구,복산동,21050,3475
울산광역시,중구,중앙동,9079,3022
울산광역시,중구,우정동,18391,4533
울산광역시,중구,태화동,30943,5750
울산광역시,중구,다운동,21488,5850
울산광역시,중구,병영1동,19999,4636
울산광역시,중구,병영2동,18791,3890
울산광역시,중구,약사동,10415,1402
울산광역시,중구,성안동,19869,3314
울산광역시,남구,,304542,55064
울산광역시,남구,신정1동,18106,4819
울산광역시,남구,신정2동,25352,3778
울산광역시,남구,신정3동,15464,3483
울산광역시,남구,신정4동,20043,3496
울산광역시,남구,신정5동,8882,1762
울산광역시,남구,달동,25761,5243
울산광역시,남구,삼산동,46987,6759
울산광역시,남구,삼호동,19856,4263
울산광역시,남구,무거동,30551,4651
울산광역시,남구,옥동,24655,4157
울산광역시,남구,대현동,32048,4719
울산광역시,남구,수암동,15588,2694
울산광역시,남구,선암동,12912,2873
울산광역시,남구,야음장생포동,8337,2367
울산광역시,동구,,148986,29826
울산광역시,동구,방어동,36683,7117
울산광역시,동구,일산동,5088,1560
울산광역시,동구,화정동,17695,3704
울산광역시,동구,대송동,10372,2117
울산광역시,동구,전하1동,15181,3051
울산광역시,동구,전하2동,18963,3553
울산광역시,동구,남목1동,7890,2148
울산광역시,동구,남목2동,26385,4071
울산광역시,동구,남목3동,10729,2505
울산광역시,북구,,214819,28293
울산광역시,북구,농소1동,35134,5198
울산광역시,북구,농소2동,41768,4773
울산광역시,북구,농소3동,35466,4081
울산광역시,북구,강동동,15838,2539
울산광역시,북구,효문동,28978,4149
울산광역시,북구,송정동,35959,4023
울산광역시,북구,양정동,12003,1517
울산광역시,북구,염포동,9673,2013
울산광역시,울주군,,218966,46622
울산광역시,울주군,온산읍,18825,3584
울산광역시,울주군,언양읍,29227,6269
울산광역시,울주군,온양읍,27760,5053
울산광역시,울주군,범서읍,67017,9635
울산광역시,울주군,청량읍,21740,3964
울산광역시,울주군,삼남읍,22017,5256
울산광역시,울주군,서생면,8462,2680
울산광역시,울주군,웅촌면,7202,2772
울산광역시,울주군,두동면,4217,1833
울산광역시,울주군,두서면,2889,1541
울산광역시,울주군,상북면,7918,3170
울산광역시,울주군,삼동면,1692,865
세종특별자치시,,,391477,48462
세종특별자치시,,,391477,48462
세종특별자치시,조치원읍,,40710,8890
세종특별자치시,연기면,,2364,782
세종특별자치시,연동면,,2625,1213
세종특별자치시,부강면,,5172,1767
세종특별자치시,금남면,,7963,3144
세종특별자치시,장군면,,6444,1838
세종특별자치시,연서면,,6474,2498
세종특별자치시,전의면,,4802,1880
세종특별자치시,전동면,,2952,1389
세종특별자치시,소정면,,1911,731
세종특별자치시,한솔동,,17688,1623
세종특별자치시,새롬동,,26330,1947
세종특별자치시,나성동,,12957,522
세종특별자치시,도담동,,24350,2692
세종특별자치시,어진동,,11093,474
세종특별자치시,해밀동,,23982,1095
세종특별자치시,아름동,,22933,1658
세종특별자치시,종촌동,,27437,2792
세종특별자치시,고운동,,35322,3292
세종특별자치시,소담동,,21524,1778
세종특별자치시,반곡동,,28594,1566
세종특별자치시,보람동,,18748,1615
세종특별자치시,대평동,,11020,1093
세종특별자치시,다정동,,28082,2183
경기도,,,13736642,2452587
북부출장소,,,0,0
경기도,수원시,,1186010,182342
경기도,수원시,장안구,270954,49234
경기도,수원시 장안구,파장동,24560,5199
경기도,수원시 장안구,율천동,39304,5514
경기도,수원시 장안구,정자1동,33331,5168
경기도,수원시 장안구,정자2동,38254,6037
경기도,수원시 장안구,정자3동,38380,4329
경기도,수원시 장안구,영화동,17665,5129
경기도,수원시 장안구,송죽동,17971,3825
경기도,수원시 장안구,조원1동,27348,6115
경기도,수원시 장안구,조원2동,17241,3475
경기도,수원시 장안구,연무동,16900,4443
경기도,수원시,권선구,360806,59360
경기도,수원시 권선구,세류1동,9450,1865
경기도,수원시 권선구,세류2동,21813,4957
경기도,수원시 권선구,세류3동,16933,4092
경기도,수원시 권선구,평동,40907,7625
경기도,수원시 권선구,서둔동,36674,7298
경기도,수원시 권선구,구운동,22452,4763
경기도,수원시 권선구,금곡동,44399,6624
경기도,수원시 권선구,호매실동,43916,5545
경기도,수원시 권선구,권선1동,23899,3824
경기도,수원시 권선구,권선2동,46312,6226
경기도,수원시 권선구,곡선동,34332,3638
경기도,수원시 권선구,입북동,19719,2903
경기도,수원시,팔달구,191972,35601
경기도,수원시 팔달구,매교동,21856,2652
경기도,수원시 팔달구,매산동,9766,2338
경기도,수원시 팔달구,고등동,19179,3415
경기도,수원시 팔달구,화서1동,20505,4743
경기도,수원시 팔달구,화서2동,23811,3866
경기도,수원시 팔달구,지동,9579,3070
경기도,수원시 팔달구,우만1동,17877,4365
경기도,수원시 팔달구,우만2동,15480,2382
경기도,수원시 팔달구,인계동,44973,6088
경기도,수원시 팔달구,행궁동,8946,2682
경기도,수원시,영통구,362278,38147
경기도,수원시 영통구,매탄1동,10110,1654
경기도,수원시 영통구,매탄2동,13324,2617
경기도,수원시 영통구,매탄3동,33848,4039
경기도,수원시 영통구,매탄4동,19385,3418
경기도,수원시 영통구,원천동,45441,4775
경기도,수원시 영통구,영통1동,32460,3655
경기도,수원시 영통구,영통2동,24928,1812
경기도,수원시 영통구,영통3동,31279,2987
경기도,수원시 영통구,망포1동,31247,3018
경기도,수원시 영통구,망포2동,38134,2310
경기도,수원시 영통구,광교1동,53823,4097
경기도,수원시 영통구,광교2동,28299,3765
경기도,성남시,,906160,171912
경기도,성남시,수정구,233273,49390
경기도,성남시 수정구,신흥1동,11999,3142
경기도,성남시 수정구,신흥2동,31620,5248
경기도,성남시 수정구,신흥3동,10632,2616
경기도,성남시 수정구,태평1동,13508,3599
경기도,성남시 수정구,태평2동,13600,3388
경기도,성남시 수정구,태평3동,11542,3038
경기도,성남시 수정구,태평4동,10878,2648
경기도,성남시 수정구,수진1동,10749,3199
경기도,성남시 수정구,수진2동,14282,3991
경기도,성남시 수정구,단대동,14126,3313
경기도,성남시 수정구,산성동,4396,1129
경기도,성남시 수정구,양지동,8868,2204
경기도,성남시 수정구,복정동,11873,1439
경기도,성남시 수정구,위례동,45374,7257
경기도,성남시 수정구,신촌동,4484,622
경기도,성남시 수정구,고등동,11784,1825
경기도,성남시 수정구,시흥동,3558,732
경기도,성남시,중원구,203016,44290
경기도,성남시 중원구,성남동,31793,7215
경기도,성남시 중원구,중앙동,16565,3277
경기도,성남시 중원구,금광1동,19571,2939
경기도,성남시 중원구,금광2동,23317,5358
경기도,성남시 중원구,은행1동,9277,1935
경기도,성남시 중원구,은행2동,20848,5301
경기도,성남시 중원구,상대원1동,22388,5337
경기도,성남시 중원구,상대원2동,2905,739
경기도,성남시 중원구,상대원3동,11022,3005
경기도,성남시 중원구,하대원동,19502,4405
경기도,성남시 중원구,도촌동,25828,4779
경기도,성남시,분당구,469871,78232
경기도,성남시 분당구,분당동,24398,4373
경기도,성남시 분당구,수내1동,17912,2607
경기도,성남시 분당구,수내2동,10368,1264
경기도,성남시 분당구,수내3동,13234,1581
경기도,성남시 분당구,정자동,13736,2371
경기도,성남시 분당구,정자1동,30290,4364
경기도,성남시 분당구,정자2동,14150,2879
경기도,성남시 분당구,정자3동,16452,2554
경기도,성남시 분당구,서현1동,30603,4546
경기도,성남시 분당구,서현2동,17302,2828
경기도,성남시 분당구,이매1동,24600,4017
경기도,성남시 분당구,이매2동,12747,2446
경기도,성남시 분당구,야탑1동,16526,3451
경기도,성남시 분당구,야탑2동,15588,3543
경기도,성남시 분당구,야탑3동,26601,5528
경기도,성남시 분당구,판교동,26341,3088
경기도,성남시 분당구,삼평동,23550,3218
경기도,성남시 분당구,백현동,26243,4199
경기도,성남시 분당구,금곡동,26747,5801
경기도,성남시 분당구,구미1동,16065,2839
경기도,성남시 분당구,구미동,27943,6124
경기도,성남시 분당구,운중동,38475,4611
경기도,의정부시,,461541,93707
경기도,의정부시,의정부1동,37973,6625
경기도,의정부시,의정부2동,29486,6035
경기도,의정부시,호원1동,33236,8915
경기도,의정부시,호원2동,31862,7902
경기도,의정부시,장암동,18279,4648
경기도,의정부시,신곡1동,41351,8944
경기도,의정부시,신곡2동,43597,9178
경기도,의정부시,송산1동,31397,6023
경기도,의정부시,송산2동,30765,5266
경기도,의정부시,송산3동,44656,6042
경기도,의정부시,자금동,25899,5769
경기도,의정부시,가능동,25854,6473
경기도,의정부시,흥선동,17850,4176
경기도,의정부시,녹양동,18909,4613
경기도,의정부시,고산동,30427,3098
경기도,안양시,,563348,105773
경기도,안양시,만안구,233633,51607
경기도,안양시 만안구,안양1동,18542,3297
경기도,안양시 만안구,안양2동,22115,4957
경기도,안양시 만안구,안양3동,14761,3813
경기도,안양시 만안구,안양4동,6469,1803
경기도,안양시 만안구,안양5동,14554,3153
경기도,안양시 만안구,안양6동,26989,4821
경기도,안양시 만안구,안양7동,14635,2252
경기도,안양시 만안구,안양8동,7845,2154
경기도,안양시 만안구,안양9동,15580,4431
경기도,안양시 만안구,석수1동,18256,4403
경기도,안양시 만안구,석수2동,28724,6574
경기도,안양시 만안구,충훈동,11671,2689
경기도,안양시 만안구,박달동,13395,3727
경기도,안양시 만안구,호현동,20097,3533
경기도,안양시,동안구,329715,54166
경기도,안양시 동안구,비산1동,28224,4749
경기도,안양시 동안구,비산2동,13034,2128
경기도,안양시 동안구,비산3동,17948,3446
경기도,안양시 동안구,부흥동,15913,3018
경기도,안양시 동안구,달안동,9394,1900
경기도,안양시 동안구,관양동,32061,7788
경기도,안양시 동안구,인덕원동,17839,3343
경기도,안양시 동안구,부림동,26408,3541
경기도,안양시 동안구,평촌동,14871,2263
경기도,안양시 동안구,평안동,22335,2681
경기도,안양시 동안구,귀인동,16037,1799
경기도,안양시 동안구,호계1동,27012,2663
경기도,안양시 동안구,호계2동,27136,4343
경기도,안양시 동안구,호계3동,23926,4217
경기도,안양시 동안구,범계동,15029,2205
경기도,안양시 동안구,신촌동,12220,2058
경기도,안양시 동안구,갈산동,10328,2024
경기도,부천시,,758212,156250
경기도,부천시,원미구,384011,74773
경기도,부천시 원미구,심곡1동,11841,2549
경기도,부천시 원미구,심곡2동,18338,3411
경기도,부천시 원미구,심곡3동,10587,2421
경기도,부천시 원미구,원미1동,16363,3654
경기도,부천시 원미구,원미2동,11034,3148
경기도,부천시 원미구,소사동,5716,1898
경기도,부천시 원미구,역곡1동,16028,4049
경기도,부천시 원미구,역곡2동,16396,3908
경기도,부천시 원미구,춘의동,13463,3209
경기도,부천시 원미구,도당동,19837,4003
경기도,부천시 원미구,약대동,16848,2930
경기도,부천시 원미구,중동,21241,4272
경기도,부천시 원미구,중1동,40287,5733
경기도,부천시 원미구,중2동,29202,5928
경기도,부천시 원미구,중3동,21642,4421
경기도,부천시 원미구,중4동,16775,3454
경기도,부천시 원미구,상동,17367,4025
경기도,부천시 원미구,상1동,23317,4539
경기도,부천시 원미구,상2동,27638,3407
경기도,부천시 원미구,상3동,30091,3814
경기도,부천시,소사구,225290,48289
경기도,부천시 소사구,심곡본1동,15379,4158
경기도,부천시 소사구,심곡본동,13946,4010
경기도,부천시 소사구,소사본동,25901,5975
경기도,부천시 소사구,소사본1동,27417,6670
경기도,부천시 소사구,범박동,28221,4053
경기도,부천시 소사구,옥길동,31067,3969
경기도,부천시 소사구,괴안동,17968,4367
경기도,부천시 소사구,역곡3동,21972,5514
경기도,부천시 소사구,송내1동,19771,4548
경기도,부천시 소사구,송내2동,23648,5025
경기도,부천시,오정구,148911,33188
경기도,부천시 오정구,성곡동,37445,8479
경기도,부천시 오정구,원종1동,22320,4624
경기도,부천시 오정구,원종2동,17207,3731
경기도,부천시 오정구,고강본동,24771,5872
경기도,부천시 오정구,고강1동,12143,2994
경기도,부천시 오정구,오정동,18628,3991
경기도,부천시 오정구,신흥동,16397,3497
경기도,광명시,,297468,55172
경기도,광명시,광명1동,12825,1378
경기도,광명시,광명2동,6480,1339
경기도,광명시,광명3동,9025,2857
경기도,광명시,광명4동,7253,2276
경기도,광명시,광명5동,11332,2839
경기도,광명시,광명6동,12480,2486
경기도,광명시,광명7동,25265,4644
경기도,광명시,철산1동,9980,1572
경기도,광명시,철산2동,15691,2501
경기도,광명시,철산3동,35267,5595
경기도,광명시,철산4동,8965,1344
경기도,광명시,하안1동,24285,4330
경기도,광명시,하안2동,12475,2659
경기도,광명시,하안3동,18135,4224
경기도,광명시,하안4동,11272,1785
경기도,광명시,소하1동,29041,5073
경기도,광명시,소하2동,24980,5926
경기도,광명시,일직동,21076,1673
경기도,광명시,학온동,1641,671
경기도,평택시,,612095,89931
경기도,평택시,팽성읍,26902,7613
경기도,평택시,안중읍,41093,6292
경기도,평택시,포승읍,21530,3904
경기도,평택시,청북읍,25941,3489
경기도,평택시,진위면,10586,2892
경기도,평택시,서탄면,3330,1232
경기도,평택시,고덕면,12871,2481
경기도,평택시,오성면,6025,2023
경기도,평택시,현덕면,11859,2356
경기도,평택시,중앙동,44948,7167
경기도,평택시,서정동,24408,4950
경기도,평택시,송탄동,23336,2559
경기도,평택시,지산동,12065,1863
경기도,평택시,송북동,20278,4180
경기도,평택시,신장1동,6651,1236
경기도,평택시,신장2동,4577,1415
경기도,평택시,신평동,19231,4087
경기도,평택시,원평동,12424,2534
경기도,평택시,통복동,6647,1289
경기도,평택시,비전1동,50385,6492
경기도,평택시,비전2동,55845,7679
경기도,평택시,용이동,25422,2006
경기도,평택시,세교동,37325,4637
경기도,평택시,동삭동,43213,2776
경기도,평택시,고덕동,65203,2779
경기도,송탄출장소,,0,0
경기도,안중출장소,,0,0
경기도,동두천시,,86331,23718
경기도,동두천시,생연1동,5984,1867
경기도,동두천시,생연2동,10498,3072
경기도,동두천시,중앙동,4271,1740
경기도,동두천시,보산동,2519,859
경기도,동두천시,불현동,25068,6411
경기도,동두천시,송내동,25458,5348
경기도,동두천시,소요동,8068,2856
경기도,동두천시,상패동,4465,1565
경기도,안산시,,611860,103473
경기도,안산시,상록구,322329,56112
경기도,안산시 상록구,일동,22225,4078
경기도,안산시 상록구,이동,22151,3975
경기도,안산시 상록구,사동,28783,5100
경기도,안산시 상록구,사이동,29690,4749
경기도,안산시 상록구,해양동,39189,3989
경기도,안산시 상록구,본오1동,34054,5496
경기도,안산시 상록구,본오2동,23825,4343
경기도,안산시 상록구,본오3동,17776,3483
경기도,안산시 상록구,부곡동,19794,3530
경기도,안산시 상록구,월피동,34842,5799
경기도,안산시 상록구,성포동,24159,4603
경기도,안산시 상록구,반월동,17767,4776
경기도,안산시 상록구,안산동,8074,2191
경기도,안산시,단원구,289531,47361
경기도,안산시 단원구,와동,34997,5461
경기도,안산시 단원구,고잔동,19497,3383
경기도,안산시 단원구,중앙동,23433,3245
경기도,안산시 단원구,호수동,41754,5480
경기도,안산시 단원구,원곡동,5354,1507
경기도,안산시 단원구,백운동,23753,3798
경기도,안산시 단원구,신길동,20384,3728
경기도,안산시 단원구,초지동,45952,6845
경기도,안산시 단원구,선부1동,16623,2839
경기도,안산시 단원구,선부2동,17046,2742
경기도,안산시 단원구,선부3동,31616,4795
경기도,안산시 단원구,대부동,9122,3538
경기도,고양시,,1059998,198761
경기도,고양시,덕양구,485174,93751
경기도,고양시 덕양구,주교동,10260,2775
경기도,고양시 덕양구,원신동,22297,4327
경기도,고양시 덕양구,흥도동,29424,4239
경기도,고양시 덕양구,성사1동,23702,5266
경기도,고양시 덕양구,성사2동,10171,2763
경기도,고양시 덕양구,효자동,26261,3164
경기도,고양시 덕양구,삼송1동,22195,3137
경기도,고양시 덕양구,삼송2동,28070,5420
경기도,고양시 덕양구,창릉동,22696,3161
경기도,고양시 덕양구,고양동,27152,6865
경기도,고양시 덕양구,관산동,33102,9467
경기도,고양시 덕양구,능곡동,17080,3571
경기도,고양시 덕양구,화정1동,34800,7475
경기도,고양시 덕양구,화정2동,31412,5412
경기도,고양시 덕양구,행주동,11753,3176
경기도,고양시 덕양구,행신1동,19849,4268
경기도,고양시 덕양구,행신2동,29327,5560
경기도,고양시 덕양구,행신3동,22232,4248
경기도,고양시 덕양구,행신4동,18806,4204
경기도,고양시 덕양구,화전동,27699,3701
경기도,고양시 덕양구,대덕동,16886,1552
경기도,고양시,일산동구,297178,53392
경기도,고양시 일산동구,식사동,40426,5044
경기도,고양시 일산동구,중산1동,19970,4933
경기도,고양시 일산동구,중산2동,22806,4431
경기도,고양시 일산동구,정발산동,21015,4529
경기도,고양시 일산동구,풍산동,41718,7419
경기도,고양시 일산동구,백석1동,28099,5002
경기도,고양시 일산동구,백석2동,19902,3815
경기도,고양시 일산동구,마두1동,22421,3894
경기도,고양시 일산동구,마두2동,15165,2684
경기도,고양시 일산동구,장항1동,18282,1729
경기도,고양시 일산동구,장항2동,26529,4366
경기도,고양시 일산동구,고봉동,20845,5546
경기도,고양시,일산서구,277646,51618
경기도,고양시 일산서구,일산1동,24647,5409
경기도,고양시 일산서구,일산2동,18430,4394
경기도,고양시 일산서구,일산3동,33022,4730
경기도,고양시 일산서구,탄현1동,28965,4665
경기도,고양시 일산서구,탄현2동,18451,3105
경기도,고양시 일산서구,주엽1동,25869,5533
경기도,고양시 일산서구,주엽2동,26300,5865
경기도,고양시 일산서구,대화동,33365,6049
경기도,고양시 일산서구,송포동,19885,3496
경기도,고양시 일산서구,덕이동,30605,4955
경기도,고양시 일산서구,가좌동,18107,3417
경기도,과천시,,79951,12818
경기도,과천시,중앙동,11510,2452
경기도,과천시,원문동,16259,2335
경기도,과천시,갈현동,18131,1320
경기도,과천시,별양동,12366,2105
경기도,과천시,부림동,8866,1602
경기도,과천시,과천동,6057,1502
경기도,과천시,문원동,6762,1502
경기도,구리시,,186118,35886
경기도,구리시,갈매동,30489,4626
경기도,구리시,동구동,35081,6501
경기도,구리시,인창동,23538,4192
경기도,구리시,교문1동,14594,3627
경기도,구리시,교문2동,20577,3919
경기도,구리시,수택1동,16863,3440
경기도,구리시,수택2동,24054,5622
경기도,구리시,수택3동,20922,3959
경기도,남양주시,,729552,138815
경기도,남양주시,와부읍,59582,12887
경기도,남양주시,진접읍,94735,18627
경기도,남양주시,화도읍,63490,13333
경기도,남양주시,화도읍동부출장소,12909,2581
경기도,남양주시,화도읍남부출장소,35283,6330
경기도,남양주시,진건읍,19657,5441
경기도,남양주시,오남읍,50516,9817
경기도,남양주시,퇴계원읍,26289,6731
경기도,남양주시,별내면,17819,4674
경기도,남양주시,수동면,8418,3266
경기도,남양주시,조안면,3700,1358
경기도,남양주시,호평동,55583,8989
경기도,남양주시,평내동,37367,5904
경기도,남양주시,금곡동,16902,5410
경기도,남양주시,양정동,2142,690
경기도,남양주시,다산1동,105727,14305
경기도,남양주시,다산2동,36567,4852
경기도,남양주시,별내동,82866,13620
경기도,풍양출장소,,0,0
경기도,오산시,,250128,32689
경기도,오산시,중앙동,32940,5040
경기도,오산시,대원1동,45011,6446
경기도,오산시,대원2동,24457,2432
경기도,오산시,남촌동,28980,2954
경기도,오산시,신장1동,35516,5387
경기도,오산시,신장2동,22598,3290
경기도,오산시,세마동,31960,3948
경기도,오산시,초평동,28666,3192
경기도,시흥시,,514778,71659
경기도,시흥시,대야동,41297,7505
경기도,시흥시,신천동,32394,7172
경기도,시흥시,신현동,8792,2406
경기도,시흥시,은행동,57180,7206
경기도,시흥시,매화동,10990,2673
경기도,시흥시,목감동,40628,6461
경기도,시흥시,군자동,21236,4207
경기도,시흥시,월곶동,17490,3001
경기도,시흥시,정왕본동,17322,2239
경기도,시흥시,정왕1동,20301,2538
경기도,시흥시,정왕2동,26531,3465
경기도,시흥시,정왕3동,21354,3113
경기도,시흥시,정왕4동,19299,2371
경기도,시흥시,배곧1동,35247,2519
경기도,시흥시,배곧2동,35374,2016
경기도,시흥시,과림동,1704,732
경기도,시흥시,연성동,23542,3405
경기도,시흥시,장곡동,46840,4596
경기도,시흥시,능곡동,26050,3540
경기도,시흥시,거북섬동,11207,494
경기도,군포시,,251038,50245
경기도,군포시,군포1동,30300,6146
경기도,군포시,군포2동,40589,7375
경기도,군포시,산본1동,14175,3946
경기도,군포시,산본2동,24759,5101
경기도,군포시,금정동,18632,3802
경기도,군포시,재궁동,16870,3966
경기도,군포시,오금동,19555,3592
경기도,군포시,수리동,14898,3562
경기도,군포시,궁내동,19292,3070
경기도,군포시,대야동,8907,2011
경기도,군포시,광정동,22890,4640
경기도,군포시,송부동,20171,3034
경기도,의왕시,,160842,31308
경기도,의왕시,고천동,15055,2758
경기도,의왕시,부곡동,28754,5987
경기도,의왕시,오전동,33061,6887
경기도,의왕시,내손1동,19624,3875
경기도,의왕시,내손2동,26798,4221
경기도,의왕시,청계동,37550,7580
경기도,하남시,,328048,54722
경기도,하남시,천현동,5701,1792
경기도,하남시,신장1동,7014,1665
경기도,하남시,신장2동,44670,10485
경기도,하남시,덕풍1동,13998,3840
경기도,하남시,덕풍2동,17211,4686
경기도,하남시,덕풍3동,27623,5786
경기도,하남시,감북동,3222,806
경기도,하남시,감일동,39631,4309
경기도,하남시,위례동,35343,3738
경기도,하남시,춘궁동,846,267
경기도,하남시,초이동,2947,869
경기도,하남시,미사1동,53895,5812
경기도,하남시,미사2동,46419,7036
경기도,하남시,미사3동,29528,3631
경기도,용인시,,1090978,187079
경기도,용인시,처인구,282534,52867
경기도,용인시 처인구,포곡읍,30742,5840
경기도,용인시 처인구,모현읍,34396,6406
경기도,용인시 처인구,이동읍,18967,4680
경기도,용인시 처인구,남사읍,23511,4586
경기도,용인시 처인구,양지읍,21387,4324
경기도,용인시 처인구,원삼면,7417,2632
경기도,용인시 처인구,백암면,7551,2917
경기도,용인시 처인구,중앙동,26851,5102
경기도,용인시 처인구,역북동,34643,4303
경기도,용인시 처인구,삼가동,13011,2222
경기도,용인시 처인구,유림1동,13470,2449
경기도,용인시 처인구,유림2동,38369,4348
경기도,용인시 처인구,동부동,12219,3058
경기도,용인시,기흥구,434484,74408
경기도,용인시 기흥구,신갈동,36050,6553
경기도,용인시 기흥구,영덕1동,34203,4399
경기도,용인시 기흥구,영덕2동,19047,2972
경기도,용인시 기흥구,구갈동,39832,5457
경기도,용인시 기흥구,상갈동,12462,2379
경기도,용인시 기흥구,보라동,32426,6000
경기도,용인시 기흥구,기흥동,20666,4394
경기도,용인시 기흥구,서농동,24467,2824
경기도,용인시 기흥구,구성동,38334,8598
경기도,용인시 기흥구,마북동,33573,7110
경기도,용인시 기흥구,동백1동,30931,4235
경기도,용인시 기흥구,동백2동,26080,3702
경기도,용인시 기흥구,동백3동,27424,4702
경기도,용인시 기흥구,상하동,22939,4744
경기도,용인시 기흥구,보정동,36050,6339
경기도,용인시,수지구,373960,59804
경기도,용인시 수지구,풍덕천1동,34449,5842
경기도,용인시 수지구,풍덕천2동,41199,4323
경기도,용인시 수지구,신봉동,41044,6860
경기도,용인시 수지구,죽전1동,28978,5175
경기도,용인시 수지구,죽전2동,17097,2908
경기도,용인시 수지구,죽전3동,26284,4189
경기도,용인시 수지구,동천동,50777,7682
경기도,용인시 수지구,상현1동,19724,3112
경기도,용인시 수지구,상현2동,32710,5589
경기도,용인시 수지구,상현3동,27234,3743
경기도,용인시 수지구,성복동,54464,10381
경기도,파주시,,527182,91164
경기도,파주시,문산읍,48326,9668
경기도,파주시,파주읍,13292,4090
경기도,파주시,법원읍,9089,3353
경기도,파주시,조리읍,27323,7343
경기도,파주시,월롱면,7638,1839
경기도,파주시,탄현면,14229,3770
경기도,파주시,광탄면,10062,3662
경기도,파주시,파평면,3408,1496
경기도,파주시,적성면,6454,2166
경기도,파주시,장단면,690,263
경기도,파주시,금촌1동,21625,5204
경기도,파주시,금촌2동,29919,5448
경기도,파주시,금촌3동,24236,4969
경기도,파주시,교하동,6981,2048
경기도,파주시,운정1동,57567,7135
경기도,파주시,운정2동,64169,7502
경기도,파주시,운정3동,67424,8673
경기도,파주시,운정4동,24096,3763
경기도,파주시,운정5동,58009,5770
경기도,파주시,운정6동,32645,3002
경기도,이천시,,222879,42183
경기도,이천시,장호원읍,14067,4256
경기도,이천시,부발읍,36752,5313
경기도,이천시,신둔면,13715,3322
경기도,이천시,백사면,12673,3087
경기도,이천시,호법면,5576,1720
경기도,이천시,마장면,16184,2668
경기도,이천시,대월면,15196,2537
경기도,이천시,모가면,4009,1668
경기도,이천시,설성면,4259,1874
경기도,이천시,율면,2396,1235
경기도,이천시,창전동,15231,3573
경기도,이천시,증포동,56303,5635
경기도,이천시,중리동,15237,3012
경기도,이천시,관고동,11281,2283
경기도,안성시,,196679,43838
경기도,안성시,공도읍,69113,9993
경기도,안성시,보개면,4758,2037
경기도,안성시,금광면,6747,2348
경기도,안성시,서운면,2928,1338
경기도,안성시,미양면,5237,2015
경기도,안성시,대덕면,14137,2816
경기도,안성시,양성면,4816,2090
경기도,안성시,원곡면,6286,1605
경기도,안성시,일죽면,6897,2882
경기도,안성시,죽산면,6516,2493
경기도,안성시,삼죽면,3573,1339
경기도,안성시,고삼면,1769,764
경기도,안성시,안성1동,10858,3195
경기도,안성시,안성2동,26269,4302
경기도,안성시,안성3동,26775,4621
경기도,김포시,,484694,82302
경기도,김포시,통진읍,34788,8338
경기도,김포시,고촌읍,51488,7534
경기도,김포시,양촌읍,30524,7274
경기도,김포시,대곶면,8988,3148
경기도,김포시,월곶면,5098,2138
경기도,김포시,하성면,7591,2997
경기도,김포시,김포본동,57090,10450
경기도,김포시,장기본동,38599,5192
경기도,김포시,사우동,20685,4389
경기도,김포시,풍무동,59707,9441
경기도,김포시,장기동,40332,5518
경기도,김포시,구래동,45512,4768
경기도,김포시,마산동,35463,4958
경기도,김포시,운양동,48829,6157
경기도,화성시,,991092,116210
경기도,화성시,봉담읍,110938,14010
경기도,화성시,우정읍,16717,4690
경기도,화성시,향남읍,85093,9971
경기도,화성시,남양읍,60335,9196
경기도,화성시,매송면,6218,2072
경기도,화성시,비봉면,16306,3027
경기도,화성시,마도면,6506,2048
경기도,화성시,송산면,10269,3629
경기도,화성시,서신면,7020,2834
경기도,화성시,팔탄면,9180,2948
경기도,화성시,장안면,9262,3216
경기도,화성시,양감면,3741,1373
경기도,화성시,정남면,10203,3140
경기도,화성시,새솔동,27078,1763
경기도,화성시,진안동,49847,5303
경기도,화성시,병점1동,35967,4371
경기도,화성시,병점2동,22123,2992
경기도,화성시,반월동,37384,3301
경기도,화성시,기배동,15637,2436
경기도,화성시,화산동,27624,4845
경기도,화성시,동탄1동,49849,3340
경기도,화성시,동탄2동,33926,3158
경기도,화성시,동탄3동,39839,3318
경기도,화성시,동탄4동,52810,2502
경기도,화성시,동탄5동,48282,4119
경기도,화성시,동탄6동,46325,2667
경기도,화성시,동탄7동,57282,4024
경기도,화성시,동탄8동,38673,2454
경기도,화성시,동탄9동,56658,3463
경기도,화성시동부출장소,,0,0
경기도,화성시동탄출장소,,0,0
경기도,광주시,,397364,75342
경기도,광주시,초월읍,51973,9425
경기도,광주시,곤지암읍,21122,5265
경기도,광주시,도척면,8943,2726
경기도,광주시,퇴촌면,15480,5023
경기도,광주시,남종면,1368,701
경기도,광주시,남한산성면,2176,825
경기도,광주시,경안동,28060,4953
경기도,광주시,송정동,23101,4595
경기도,광주시,쌍령동,17255,3008
경기도,광주시,탄벌동,42598,7954
경기도,광주시,광남1동,31296,6452
경기도,광주시,광남2동,33216,3962
경기도,광주시,오포1동,30444,4435
경기도,광주시,오포2동,32137,5473
경기도,광주시,신현동,35734,6137
경기도,광주시,능평동,22461,4408
경기도,양주시,,296463,55230
경기도,양주시,백석읍,25543,7117
경기도,양주시,은현면,5004,1919
경기도,양주시,남면,5853,2108
경기도,양주시,광적면,10365,3210
경기도,양주시,장흥면,13420,4635
경기도,양주시,양주1동,4442,1777
경기도,양주시,양주2동,49093,9800
경기도,양주시,회천1동,10386,2273
경기도,양주시,회천2동,46514,7853
경기도,양주시,회천3동,24746,4622
경기도,양주시,옥정1동,42422,5087
경기도,양주시,옥정2동,58675,4829
경기도,포천시,,140461,40021
경기도,포천시,소흘읍,42775,9394
경기도,포천시,군내면,9722,2473
경기도,포천시,내촌면,4064,1566
경기도,포천시,가산면,7275,2428
경기도,포천시,신북면,10922,3501
경기도,포천시,창수면,1914,973
경기도,포천시,영중면,4402,1926
경기도,포천시,일동면,8787,3237
경기도,포천시,이동면,5555,1834
경기도,포천시,영북면,7302,2603
경기도,포천시,관인면,2444,1206
경기도,포천시,화현면,2354,910
경기도,포천시,포천동,19091,4550
경기도,포천시,선단동,13854,3420
경기도,여주시,,113885,32515
경기도,여주시,가남읍,14058,4146
경기도,여주시,점동면,4615,1965
경기도,여주시,흥천면,4869,2128
경기도,여주시,금사면,2796,1333
경기도,여주시,세종대왕면,5613,2369
경기도,여주시,대신면,6426,2937
경기도,여주시,북내면,4549,1873
경기도,여주시,강천면,4308,1713
경기도,여주시,산북면,2396,1033
경기도,여주시,여흥동,20639,5175
경기도,여주시,중앙동,25363,4517
경기도,여주시,오학동,18253,3326
경기도,연천군,,42475,14364
경기도,연천군,연천읍,8072,2395
경기도,연천군,전곡읍,19106,4931
경기도,연천군,군남면,2939,1356
경기도,연천군,청산면,3943,1587
경기도,연천군,백학면,2446,1111
경기도,연천군,미산면,1698,818
경기도,연천군,왕징면,1003,531
경기도,연천군,신서면,2372,1207
경기도,연천군,중면,164,65
경기도,연천군,장남면,732,363
경기도,가평군,,62026,21067
경기도,가평군,가평읍,21124,6017
경기도,가평군,설악면,9866,3555
경기도,가평군,청평면,13215,4796
경기도,가평군,상면,5368,2303
경기도,가평군,조종면,9006,2771
경기도,가평군,북면,3447,1625
경기도,양평군,,126986,42091
경기도,양평군,양평읍,38289,8966
경기도,양평군,강상면,10108,3051
경기도,양평군,강하면,4770,2135
경기도,양평군,양서면,13836,4867
경기도,양평군,옥천면,8045,2840
경기도,양평군,서종면,9816,3243
경기도,양평군,단월면,3852,1720
경기도,양평군,청운면,3674,1820
경기도,양평군,양동면,4461,2119
경기도,양평군,지평면,6538,3045
경기도,양평군,용문면,18510,6120
경기도,양평군,개군면,5087,2165
강원특별자치도,,,1507634,406694
동해출장소,,,0,0
강원특별자치도,춘천시,,284895,64682
강원특별자치도,춘천시,신북읍,6856,2717
강원특별자치도,춘천시,동면,18614,3711
강원특별자치도,춘천시,동산면,1339,669
강원특별자치도,춘천시,신동면,2532,1015
강원특별자치도,춘천시,남면,1022,550
강원특별자치도,춘천시,서면,3546,1718
강원특별자치도,춘천시,사북면,2255,1148
강원특별자치도,춘천시,북산면,933,537
강원특별자치도,춘천시,동내면,22629,4096
강원특별자치도,춘천시,남산면,3202,1513
강원특별자치도,춘천시,교동,3773,946
강원특별자치도,춘천시,조운동,2414,850
강원특별자치도,춘천시,약사명동,5351,1114
강원특별자치도,춘천시,근화동,8816,1802
강원특별자치도,춘천시,소양동,10364,2127
강원특별자치도,춘천시,후평1동,10804,3086
강원특별자치도,춘천시,후평2동,13495,2687
강원특별자치도,춘천시,후평3동,18863,4457
강원특별자치도,춘천시,효자1동,3928,1092
강원특별자치도,춘천시,효자2동,11993,2925
강원특별자치도,춘천시,효자3동,4234,1079
강원특별자치도,춘천시,석사동,32135,6317
강원특별자치도,춘천시,퇴계동,45407,8700
강원특별자치도,춘천시,강남동,25214,4996
강원특별자치도,춘천시,신사우동,25176,4830
강원특별자치도,원주시,,363496,74001
강원특별자치도,원주시,문막읍,16926,4478
강원특별자치도,원주시,소초면,7899,2909
강원특별자치도,원주시,호저면,3221,1502
강원특별자치도,원주시,지정면,32952,3289
강원특별자치도,원주시,부론면,2096,1155
강원특별자치도,원주시,귀래면,2029,1048
강원특별자치도,원주시,흥업면,9391,2547
강원특별자치도,원주시,판부면,7590,1552
강원특별자치도,원주시,신림면,3516,1747
강원특별자치도,원주시,중앙동,2090,989
강원특별자치도,원주시,원인동,3624,1122
강원특별자치도,원주시,개운동,11656,3324
강원특별자치도,원주시,명륜1동,7540,2348
강원특별자치도,원주시,명륜2동,17861,3840
강원특별자치도,원주시,단구동,41012,7020
강원특별자치도,원주시,일산동,8046,2284
강원특별자치도,원주시,학성동,4099,1522
강원특별자치도,원주시,단계동,26742,5310
강원특별자치도,원주시,우산동,12869,2785
강원특별자치도,원주시,태장1동,12409,2751
강원특별자치도,원주시,태장2동,24347,5565
강원특별자치도,원주시,봉산동,7043,2592
강원특별자치도,원주시,행구동,8419,1904
강원특별자치도,원주시,무실동,38529,5257
강원특별자치도,원주시,반곡관설동,51590,5161
강원특별자치도,강릉시,,205966,57203
강원특별자치도,강릉시,주문진읍,15298,6112
강원특별자치도,강릉시,성산면,3325,1404
강원특별자치도,강릉시,왕산면,1471,795
강원특별자치도,강릉시,구정면,4024,1589
강원특별자치도,강릉시,강동면,3677,1698
강원특별자치도,강릉시,옥계면,3203,1500
강원특별자치도,강릉시,사천면,5225,1852
강원특별자치도,강릉시,연곡면,6290,2346
강원특별자치도,강릉시,홍제동,13922,3208
강원특별자치도,강릉시,중앙동,4017,1609
강원특별자치도,강릉시,옥천동,2930,1207
강원특별자치도,강릉시,교1동,27419,5438
강원특별자치도,강릉시,교2동,10146,2386
강원특별자치도,강릉시,포남1동,10268,3304
강원특별자치도,강릉시,포남2동,11150,3438
강원특별자치도,강릉시,초당동,4060,1122
강원특별자치도,강릉시,송정동,9145,2084
강원특별자치도,강릉시,내곡동,17929,3606
강원특별자치도,강릉시,강남동,15678,5310
강원특별자치도,강릉시,성덕동,25390,5275
강원특별자치도,강릉시,경포동,11399,1920
강원특별자치도,동해시,,86225,23029
강원특별자치도,동해시,천곡동,28439,6601
강원특별자치도,동해시,송정동,3357,1231
강원특별자치도,동해시,북삼동,21414,3829
강원특별자치도,동해시,부곡동,4427,1796
강원특별자치도,동해시,동호동,4577,1530
강원특별자치도,동해시,발한동,2833,1396
강원특별자치도,동해시,묵호동,2608,1261
강원특별자치도,동해시,북평동,13066,2969
강원특별자치도,동해시,망상동,3101,1346
강원특별자치도,동해시,삼화동,2403,1070
강원특별자치도,태백시,,36972,12172
강원특별자치도,태백시,황지동,7624,1863
강원특별자치도,태백시,황연동,3611,1513
강원특별자치도,태백시,삼수동,4710,1788
강원특별자치도,태백시,상장동,11229,2584
강원특별자치도,태백시,문곡소도동,3206,1308
강원특별자치도,태백시,장성동,2952,1246
강원특별자치도,태백시,구문소동,2034,1063
강원특별자치도,태백시,철암동,1606,807
강원특별자치도,속초시,,79586,20612
강원특별자치도,속초시,영랑동,4302,1547
강원특별자치도,속초시,동명동,5250,1307
강원특별자치도,속초시,금호동,5379,1945
강원특별자치도,속초시,교동,8545,2561
강원특별자치도,속초시,노학동,20009,5106
강원특별자치도,속초시,조양동,28681,5471
강원특별자치도,속초시,청호동,4595,1429
강원특별자치도,속초시,대포동,2825,1246
강원특별자치도,삼척시,,60307,19539
강원특별자치도,삼척시,도계읍,8346,3037
강원특별자치도,삼척시,원덕읍,3086,1400
강원특별자치도,삼척시,원덕읍임원출장소,1426,690
강원특별자치도,삼척시,근덕면,4520,2289
강원특별자치도,삼척시,하장면,1162,579
강원특별자치도,삼척시,노곡면,679,380
강원특별자치도,삼척시,미로면,1703,880
강원특별자치도,삼척시,가곡면,648,332
강원특별자치도,삼척시,신기면,618,323
강원특별자치도,삼척시,남양동,6404,2623
강원특별자치도,삼척시,교동,15074,2320
강원특별자치도,삼척시,정라동,9529,2287
강원특별자치도,삼척시,성내동,7112,2399
강원특별자치도,홍천군,,66008,23679
강원특별자치도,홍천군,홍천읍,33442,8141
강원특별자치도,홍천군,화촌면,4119,2164
강원특별자치도,홍천군,두촌면,2379,1268
강원특별자치도,홍천군,내촌면,2382,1266
강원특별자치도,홍천군,서석면,3559,1630
강원특별자치도,홍천군,영귀미면,4025,2014
강원특별자치도,홍천군,남면,5425,2223
강원특별자치도,홍천군,서면,3759,1786
강원특별자치도,홍천군,북방면,4025,1868
강원특별자치도,홍천군,내면,2893,1319
강원특별자치도,횡성군,,45591,17940
강원특별자치도,횡성군,횡성읍,20346,5790
강원특별자치도,횡성군,우천면,4291,1973
강원특별자치도,횡성군,안흥면,3093,1409
강원특별자치도,횡성군,둔내면,5911,2426
강원특별자치도,횡성군,갑천면,2452,1291
강원특별자치도,횡성군,청일면,2373,1285
강원특별자치도,횡성군,공근면,3351,1779
강원특별자치도,횡성군,서원면,2028,1055
강원특별자치도,횡성군,강림면,1746,932
강원특별자치도,영월군,,35997,13794
강원특별자치도,영월군,영월읍,19329,5652
강원특별자치도,영월군,상동읍,1016,490
강원특별자치도,영월군,산솔면,1367,690
강원특별자치도,영월군,김삿갓면,1755,807
강원특별자치도,영월군,북면,1949,945
강원특별자치도,영월군,남면,2088,1044
강원특별자치도,영월군,한반도면,1135,502
강원특별자치도,영월군,한반도면쌍용출장소,1464,739
강원특별자치도,영월군,주천면,3779,1868
강원특별자치도,영월군,무릉도원면,2115,1057
강원특별자치도,평창군,,39933,14970
강원특별자치도,평창군,평창읍,8279,2929
강원특별자치도,평창군,미탄면,1458,707
강원특별자치도,평창군,방림면,785,387
강원특별자치도,평창군,방림면계촌출장소,1701,796
강원특별자치도,평창군,대화면,4927,2082
강원특별자치도,평창군,봉평면,5550,1935
강원특별자치도,평창군,용평면,2963,1213
강원특별자치도,평창군,진부면,8459,3144
강원특별자치도,평창군,대관령면,5811,1777
강원특별자치도,정선군,,34982,12623
강원특별자치도,정선군,정선읍,10248,3093
강원특별자치도,정선군,고한읍,4660,1281
강원특별자치도,정선군,사북읍,4338,1365
강원특별자치도,정선군,신동읍,1750,728
강원특별자치도,정선군,신동읍함백출장소,1517,647
강원특별자치도,정선군,남면,3174,1194
강원특별자치도,정선군,북평면,2461,1026
강원특별자치도,정선군,임계면,3385,1654
강원특별자치도,정선군,화암면,1535,693
강원특별자치도,정선군,여량면,1914,942
강원특별자치도,철원군,,39953,11976
강원특별자치도,철원군,철원읍,4718,1432
강원특별자치도,철원군,김화읍,2969,913
강원특별자치도,철원군,갈말읍,11358,3234
강원특별자치도,철원군,동송읍,13950,4065
강원특별자치도,철원군,서면,1639,528
강원특별자치도,철원군,서면와수출장소,3380,1017
강원특별자치도,철원군,근남면,1844,732
강원특별자치도,철원군,근북면,95,55
강원특별자치도,화천군,,22338,6693
강원특별자치도,화천군,화천읍,8048,1999
강원특별자치도,화천군,간동면,2488,1127
강원특별자치도,화천군,하남면,2805,929
강원특별자치도,화천군,상서면,3412,1061
강원특별자치도,화천군,사내면,5585,1577
강원특별자치도,양구군,,20373,5743
강원특별자치도,양구군,양구읍,13090,2848
강원특별자치도,양구군,국토정중앙면,3206,1237
강원특별자치도,양구군,동면,1791,706
강원특별자치도,양구군,방산면,1108,466
강원특별자치도,양구군,해안면,1178,486
강원특별자치도,인제군,,30814,8428
강원특별자치도,인제군,인제읍,9826,2248
강원특별자치도,인제군,인제읍귀둔출장소,466,196
강원특별자치도,인제군,남면,3645,1122
강원특별자치도,인제군,북면,7607,2169
강원특별자치도,인제군,기린면,4948,1405
강원특별자치도,인제군,서화면,2359,621
강원특별자치도,인제군,상남면,1963,667
강원특별자치도,고성군,,26849,9534
강원특별자치도,고성군,간성읍,7421,1856
강원특별자치도,고성군,거진읍,5472,2544
강원특별자치도,고성군,현내면,2070,1044
강원특별자치도,고성군,죽왕면,3256,1370
강원특별자치도,고성군,토성면,8630,2720
강원특별자치도,양양군,,27349,10076
강원특별자치도,양양군,양양읍,12581,3583
강원특별자치도,양양군,서면,2607,1167
강원특별자치도,양양군,손양면,2146,950
강원특별자치도,양양군,현북면,2586,1170
강원특별자치도,양양군,현남면,2894,1375
강원특별자치도,양양군,강현면,4535,1831
충청북도,,,1596749,370586
충청북도,청주시,,856629,152209
충청북도,청주시,상당구,194463,39492
충청북도,청주시 상당구,낭성면,2051,1051
충청북도,청주시 상당구,미원면,4470,2322
충청북도,청주시 상당구,가덕면,3596,1658
충청북도,청주시 상당구,남일면,6361,2160
충청북도,청주시 상당구,문의면,3502,1691
충청북도,청주시 상당구,중앙동,6291,1652
충청북도,청주시 상당구,성안동,6150,2078
충청북도,청주시 상당구,탑대성동,11187,2974
충청북도,청주시 상당구,영운동,9564,2815
충청북도,청주시 상당구,금천동,28560,5725
충청북도,청주시 상당구,용담.명암.산성동,12420,1887
충청북도,청주시 상당구,용암1동,56367,8035
충청북도,청주시 상당구,용암2동,43944,5444
충청북도,청주시,서원구,183007,38265
충청북도,청주시 서원구,남이면,9640,2847
충청북도,청주시 서원구,현도면,2911,1498
충청북도,청주시 서원구,사직1동,3938,1160
충청북도,청주시 서원구,사직2동,10720,2225
충청북도,청주시 서원구,사창동,13895,3101
충청북도,청주시 서원구,모충동,21268,4227
충청북도,청주시 서원구,산남동,24634,3320
충청북도,청주시 서원구,분평동,27348,4697
충청북도,청주시 서원구,수곡1동,12268,3744
충청북도,청주시 서원구,수곡2동,14557,4086
충청북도,청주시 서원구,성화.개신.죽림동,41828,7360
충청북도,청주시,흥덕구,292310,42001
충청북도,청주시 흥덕구,오송읍,48716,5077
충청북도,청주시 흥덕구,강내면,10594,2500
충청북도,청주시 흥덕구,옥산면,16801,3182
충청북도,청주시 흥덕구,운천.신봉동,13576,3528
충청북도,청주시 흥덕구,복대1동,50362,4874
충청북도,청주시 흥덕구,복대2동,15006,3437
충청북도,청주시 흥덕구,가경동,53317,8049
충청북도,청주시 흥덕구,봉명1동,12811,2017
충청북도,청주시 흥덕구,봉명2.송정동,23083,3464
충청북도,청주시 흥덕구,강서제1동,30325,4615
충청북도,청주시 흥덕구,강서제2동,17719,1258
충청북도,청주시,청원구,186849,32451
충청북도,청주시 청원구,내수읍,18713,4579
충청북도,청주시 청원구,오창읍,67898,6903
충청북도,청주시 청원구,북이면,3989,1935
충청북도,청주시 청원구,우암동,12002,3269
충청북도,청주시 청원구,내덕1동,7620,2595
충청북도,청주시 청원구,내덕2동,12613,2909
충청북도,청주시 청원구,율량.사천동,46523,7652
충청북도,청주시 청원구,오근장동,17491,2609
충청북도,충주시,,206270,53459
충청북도,충주시,주덕읍,10203,2303
충청북도,충주시,살미면,1866,997
충청북도,충주시,수안보면,2718,1363
충청북도,충주시,대소원면,9531,2066
충청북도,충주시,신니면,2636,1416
충청북도,충주시,노은면,2121,1193
충청북도,충주시,앙성면,3732,1918
충청북도,충주시,중앙탑면,14431,1835
충청북도,충주시,금가면,3775,1018
충청북도,충주시,동량면,3354,1621
충청북도,충주시,산척면,2142,1102
충청북도,충주시,엄정면,2919,1549
충청북도,충주시,소태면,1813,982
충청북도,충주시,성내.충인동,2383,963
충청북도,충주시,교현.안림동,21467,5369
충청북도,충주시,교현2동,5953,2089
충청북도,충주시,용산동,13630,2697
충청북도,충주시,지현동,4721,1548
충청북도,충주시,문화동,8514,3153
충청북도,충주시,호암.직동,21915,2836
충청북도,충주시,달천동,3953,1395
충청북도,충주시,봉방동,9012,2435
충청북도,충주시,칠금.금릉동,13297,2819
충청북도,충주시,연수동,34127,7537
충청북도,충주시,목행.용탄동,6057,1255
충청북도,제천시,,127803,37295
충청북도,제천시,봉양읍,6398,2900
충청북도,제천시,금성면,1691,875
충청북도,제천시,청풍면,1240,622
충청북도,제천시,수산면,1962,1060
충청북도,제천시,덕산면,2028,1037
충청북도,제천시,한수면,645,310
충청북도,제천시,백운면,3266,1718
충청북도,제천시,송학면,4549,2135
충청북도,제천시,교동,19912,3553
충청북도,제천시,의림지동,9303,2094
충청북도,제천시,중앙동,5062,1931
충청북도,제천시,남현동,4451,1736
충청북도,제천시,영서동,9429,2675
충청북도,제천시,용두동,19464,3719
충청북도,제천시,신백동,10091,2660
충청북도,제천시,청전동,14135,4919
충청북도,제천시,화산동,14177,3351
충청북도,보은군,,30603,13059
충청북도,보은군,보은읍,14182,4582
충청북도,보은군,속리산면,1701,827
충청북도,보은군,장안면,1399,543
충청북도,보은군,마로면,2089,1165
충청북도,보은군,탄부면,1564,910
충청북도,보은군,삼승면,2164,1039
충청북도,보은군,수한면,1805,979
충청북도,보은군,회남면,724,403
충청북도,보은군,회인면,1670,907
충청북도,보은군,내북면,1602,855
충청북도,보은군,산외면,1703,849
충청북도,옥천군,,50000,18342
충청북도,옥천군,옥천읍,29608,7725
충청북도,옥천군,동이면,3098,1498
충청북도,옥천군,안남면,1329,720
충청북도,옥천군,안내면,1856,1032
충청북도,옥천군,청성면,2265,1322
충청북도,옥천군,청산면,2828,1582
충청북도,옥천군,이원면,3909,1973
충청북도,옥천군,군서면,2160,1106
충청북도,옥천군,군북면,2947,1384
충청북도,영동군,,43136,17298
충청북도,영동군,영동읍,19259,5348
충청북도,영동군,용산면,3147,1449
충청북도,영동군,황간면,3879,1775
충청북도,영동군,추풍령면,2084,1025
충청북도,영동군,매곡면,1742,882
충청북도,영동군,상촌면,2115,1190
충청북도,영동군,양강면,2882,1305
충청북도,영동군,용화면,890,474
충청북도,영동군,학산면,2556,1396
충청북도,영동군,양산면,1689,896
충청북도,영동군,심천면,2893,1558
충청북도,증평군,,36656,8502
충청북도,증평군,증평읍,35011,7689
충청북도,증평군,도안면,1645,813
충청북도,진천군,,85969,17853
충청북도,진천군,진천읍,29888,6497
충청북도,진천군,덕산읍,30827,3072
충청북도,진천군,덕산읍혁신도시출장소,0,0
충청북도,진천군,초평면,2893,1366
충청북도,진천군,문백면,3430,1467
충청북도,진천군,백곡면,2022,1068
충청북도,진천군,이월면,6412,2302
충청북도,진천군,광혜원면,10497,2081
충청북도,괴산군,,38166,16043
충청북도,괴산군,괴산읍,9625,2655
충청북도,괴산군,감물면,2091,990
충청북도,괴산군,장연면,2001,964
충청북도,괴산군,연풍면,2303,1170
충청북도,괴산군,칠성면,3270,1372
충청북도,괴산군,문광면,2269,1023
충청북도,괴산군,청천면,5369,2583
충청북도,괴산군,청안면,3499,1606
충청북도,괴산군,사리면,2690,1237
충청북도,괴산군,소수면,2290,1076
충청북도,괴산군,불정면,2759,1367
충청북도,음성군,,94729,25579
충청북도,음성군,음성읍,15564,5132
충청북도,음성군,금왕읍,18959,4593
충청북도,음성군,소이면,2713,1428
충청북도,음성군,원남면,2972,1540
충청북도,음성군,맹동면,14020,2292
충청북도,음성군,맹동면혁신도시출장소,0,0
충청북도,음성군,대소면,20688,3398
충청북도,음성군,삼성면,6036,2274
충청북도,음성군,생극면,4262,1753
충청북도,음성군,감곡면,9515,3169
충청북도,단양군,,26788,10947
충청북도,단양군,단양읍,9999,2921
충청북도,단양군,매포읍,4748,1835
충청북도,단양군,대강면,2281,1159
충청북도,단양군,가곡면,1933,979
충청북도,단양군,영춘면,3023,1496
충청북도,단양군,어상천면,1813,975
충청북도,단양군,적성면,1452,799
충청북도,단양군,단성면,1539,783
충청남도,,,2136204,503847
충청남도,천안시,,664269,101258
충청남도,천안시,동남구,262353,50803
충청남도,천안시 동남구,목천읍,21914,5193
충청남도,천안시 동남구,풍세면,10634,2120
충청남도,천안시 동남구,광덕면,3952,1801
충청남도,천안시 동남구,북면,4029,1693
충청남도,천안시 동남구,성남면,2774,1309
충청남도,천안시 동남구,수신면,2022,942
충청남도,천안시 동남구,병천면,5829,1998
충청남도,천안시 동남구,동면,1896,998
충청남도,천안시 동남구,중앙동,4500,1653
충청남도,천안시 동남구,문성동,7787,1266
충청남도,천안시 동남구,원성1동,7541,2274
충청남도,천안시 동남구,원성2동,8549,2792
충청남도,천안시 동남구,봉명동,17093,3383
충청남도,천안시 동남구,일봉동,23314,3904
충청남도,천안시 동남구,신방동,42629,5207
충청남도,천안시 동남구,청룡동,59855,8048
충청남도,천안시 동남구,신안동,38035,6222
충청남도,천안시,서북구,401916,50455
충청남도,천안시 서북구,성환읍,21569,6678
충청남도,천안시 서북구,성거읍,21297,4049
충청남도,천안시 서북구,직산읍,19029,3722
충청남도,천안시 서북구,입장면,7401,2697
충청남도,천안시 서북구,성정1동,16798,3621
충청남도,천안시 서북구,성정2동,24323,3375
충청남도,천안시 서북구,쌍용1동,12324,2721
충청남도,천안시 서북구,쌍용2동,33868,4722
충청남도,천안시 서북구,쌍용3동,16954,3183
충청남도,천안시 서북구,백석동,40399,3577
충청남도,천안시 서북구,불당1동,31370,2141
충청남도,천안시 서북구,불당2동,37059,1436
충청남도,천안시 서북구,부성1동,55814,4952
충청남도,천안시 서북구,부성2동,63711,3581
충청남도,공주시,,99730,33208
충청남도,공주시,유구읍,6744,3248
충청남도,공주시,이인면,2874,1473
충청남도,공주시,탄천면,2663,1420
충청남도,공주시,계룡면,4995,2463
충청남도,공주시,반포면,3953,1586
충청남도,공주시,의당면,4274,1556
충청남도,공주시,정안면,4431,2210
충청남도,공주시,우성면,4765,2261
충청남도,공주시,사곡면,2678,1343
충청남도,공주시,신풍면,3018,1530
충청남도,공주시,중학동,4161,1403
충청남도,공주시,웅진동,7198,2290
충청남도,공주시,금학동,5191,1350
충청남도,공주시,옥룡동,6951,2543
충청남도,공주시,신관동,19376,3797
충청남도,공주시,월송동,16458,2735
충청남도,보령시,,91882,30757
충청남도,보령시,웅천읍,5451,2769
충청남도,보령시,주포면,1462,717
충청남도,보령시,오천면,1939,932
충청남도,보령시,오천면어항출장소,1419,594
충청남도,보령시,원산출장소,1003,470
충청남도,보령시,천북면,3074,1580
충청남도,보령시,청소면,2270,1265
충청남도,보령시,청라면,3437,1757
충청남도,보령시,남포면,4748,2298
충청남도,보령시,주산면,2137,1280
충청남도,보령시,미산면,1591,914
충청남도,보령시,성주면,1895,879
충청남도,보령시,주교면,4802,1983
충청남도,보령시,대천1동,12398,3292
충청남도,보령시,대천2동,5923,1677
충청남도,보령시,대천3동,15261,2721
충청남도,보령시,대천4동,17309,3323
충청남도,보령시,대천5동,5763,2306
충청남도,아산시,,360019,57043
충청남도,아산시,염치읍,5640,2091
충청남도,아산시,배방읍,96508,9679
충청남도,아산시,송악면,3906,1548
충청남도,아산시,탕정면,46417,2265
충청남도,아산시,음봉면,22911,3428
충청남도,아산시,둔포면,23535,3815
충청남도,아산시,영인면,5151,2312
충청남도,아산시,인주면,5391,1987
충청남도,아산시,선장면,2762,1498
충청남도,아산시,도고면,4149,1999
충청남도,아산시,신창면,22618,4687
충청남도,아산시,온양1동,9770,1962
충청남도,아산시,온양2동,9698,2674
충청남도,아산시,온양3동,39377,5709
충청남도,아산시,온양4동,15524,3437
충청남도,아산시,온양5동,20823,3314
충청남도,아산시,온양6동,25839,4638
충청남도,서산시,,172297,40903
충청남도,서산시,대산읍,12010,3118
충청남도,서산시,인지면,6945,2293
충청남도,서산시,부석면,4978,2768
충청남도,서산시,팔봉면,3222,1784
충청남도,서산시,지곡면,7553,2337
충청남도,서산시,성연면,17262,1733
충청남도,서산시,음암면,8854,3063
충청남도,서산시,운산면,4846,2485
충청남도,서산시,해미면,6975,2838
충청남도,서산시,고북면,5506,2200
충청남도,서산시,부춘동,17440,3341
충청남도,서산시,동문1동,16947,3560
충청남도,서산시,동문2동,8116,2109
충청남도,서산시,수석동,17338,3002
충청남도,서산시,석남동,34305,4272
충청남도,논산시,,106615,35941
충청남도,논산시,강경읍,6867,2971
충청남도,논산시,연무읍,12235,4377
충청남도,논산시,성동면,3619,1857
충청남도,논산시,광석면,3747,1834
충청남도,논산시,노성면,2642,1276
충청남도,논산시,상월면,3235,1558
충청남도,논산시,부적면,3221,1563
충청남도,논산시,연산면,5566,2675
충청남도,논산시,벌곡면,2236,1198
충청남도,논산시,양촌면,5743,2270
충청남도,논산시,가야곡면,3052,1640
충청남도,논산시,은진면,3632,1535
충청남도,논산시,채운면,1964,1013
충청남도,논산시,취암동,33231,6324
충청남도,논산시,부창동,15625,3850
충청남도,계룡시,,45885,7582
충청남도,계룡시,두마면,14034,2013
충청남도,계룡시,엄사면,16596,3774
충청남도,계룡시,신도안면,7331,112
충청남도,계룡시,금암동,7924,1683
충청남도,당진시,,172414,39028
충청남도,당진시,합덕읍,7561,3347
충청남도,당진시,송악읍,29506,5494
충청남도,당진시,고대면,5977,2619
충청남도,당진시,석문면,7834,2841
충청남도,당진시,대호지면,2144,1249
충청남도,당진시,정미면,3364,1646
충청남도,당진시,면천면,3215,1546
충청남도,당진시,순성면,4516,2154
충청남도,당진시,우강면,5102,2244
충청남도,당진시,신평면,13991,3657
충청남도,당진시,송산면,10850,2503
충청남도,당진시,당진1동,41307,4068
충청남도,당진시,당진2동,21569,3401
충청남도,당진시,당진3동,15478,2259
충청남도,금산군,,48804,18785
충청남도,금산군,금산읍,22255,6351
충청남도,금산군,금성면,3003,1454
충청남도,금산군,제원면,2661,1342
충청남도,금산군,부리면,2299,1305
충청남도,금산군,군북면,2301,1165
충청남도,금산군,남일면,2709,1189
충청남도,금산군,남이면,1942,966
충청남도,금산군,진산면,3056,1492
충청남도,금산군,복수면,2799,1340
충청남도,금산군,추부면,5779,2181
충청남도,부여군,,58223,25251
충청남도,부여군,부여읍,17512,5998
충청남도,부여군,규암면,11252,3194
충청남도,부여군,은산면,3499,1794
충청남도,부여군,외산면,2093,1213
충청남도,부여군,내산면,1426,814
충청남도,부여군,구룡면,2132,1115
충청남도,부여군,홍산면,2520,1372
충청남도,부여군,옥산면,1316,767
충청남도,부여군,남면,1681,979
충청남도,부여군,충화면,1041,638
충청남도,부여군,양화면,1525,966
충청남도,부여군,임천면,2549,1407
충청남도,부여군,장암면,2435,1348
충청남도,부여군,세도면,2820,1492
충청남도,부여군,석성면,2561,1145
충청남도,부여군,초촌면,1861,1009
충청남도,서천군,,47172,20759
충청남도,서천군,장항읍,10464,3698
충청남도,서천군,서천읍,12462,3929
충청남도,서천군,마서면,4358,2201
충청남도,서천군,화양면,2034,1219
충청남도,서천군,기산면,1453,847
충청남도,서천군,한산면,2237,1273
충청남도,서천군,마산면,1387,774
충청남도,서천군,시초면,1129,679
충청남도,서천군,문산면,1152,706
충청남도,서천군,판교면,1881,1116
충청남도,서천군,종천면,1960,1137
충청남도,서천군,비인면,2749,1442
충청남도,서천군,서면,3906,1738
충청남도,청양군,,29958,12649
충청남도,청양군,청양읍,10201,2970
충청남도,청양군,운곡면,2028,1058
충청남도,청양군,대치면,2182,1032
충청남도,청양군,정산면,3469,1393
충청남도,청양군,목면,1432,675
충청남도,청양군,청남면,1790,887
충청남도,청양군,장평면,2230,1172
충청남도,청양군,남양면,2567,1351
충청남도,청양군,화성면,2018,1075
충청남도,청양군,비봉면,2041,1036
충청남도,홍성군,,100835,28505
충청남도,홍성군,홍성읍,34073,8851
충청남도,홍성군,광천읍,7153,3656
충청남도,홍성군,홍북읍,37413,4158
충청남도,홍성군,금마면,3177,1632
충청남도,홍성군,홍동면,3203,1519
충청남도,홍성군,장곡면,2647,1480
충청남도,홍성군,은하면,1963,1168
충청남도,홍성군,결성면,1900,1115
충청남도,홍성군,서부면,2929,1586
충청남도,홍성군,갈산면,3206,1760
충청남도,홍성군,구항면,3171,1580
충청남도,예산군,,78722,28685
충청남도,예산군,예산읍,29164,9259
충청남도,예산군,삽교읍,18928,3834
충청남도,예산군,대술면,2214,1223
충청남도,예산군,신양면,2796,1492
충청남도,예산군,광시면,2780,1488
충청남도,예산군,대흥면,1644,967
충청남도,예산군,응봉면,2228,1076
충청남도,예산군,덕산면,5996,2653
충청남도,예산군,봉산면,2265,1145
충청남도,예산군,고덕면,3973,2022
충청남도,예산군,신암면,3059,1651
충청남도,예산군,오가면,3675,1875
충청남도,태안군,,59379,23493
충청남도,태안군,태안읍,28697,8249
충청남도,태안군,안면읍,7663,3485
충청남도,태안군,고남면,2186,1113
충청남도,태안군,남면,4113,1959
충청남도,태안군,근흥면,5279,2698
충청남도,태안군,소원면,5103,2738
충청남도,태안군,원북면,4215,2087
충청남도,태안군,이원면,2123,1164
전북특별자치도,,,1723497,461019
전북특별자치도,전주시,,624241,124283
전북특별자치도,전주시,완산구,315800,67903
전북특별자치도,전주시 완산구,중앙동,9542,2738
전북특별자치도,전주시 완산구,풍남동,3354,1491
전북특별자치도,전주시 완산구,노송동,9970,3380
전북특별자치도,전주시 완산구,완산동,4686,1622
전북특별자치도,전주시 완산구,동서학동,5620,2217
전북특별자치도,전주시 완산구,서서학동,7631,2787
전북특별자치도,전주시 완산구,중화산1동,13250,3346
전북특별자치도,전주시 완산구,중화산2동,18588,2778
전북특별자치도,전주시 완산구,서신동,38071,6320
전북특별자치도,전주시 완산구,평화1동,11492,4186
전북특별자치도,전주시 완산구,평화2동,42032,9218
전북특별자치도,전주시 완산구,삼천1동,10799,2733
전북특별자치도,전주시 완산구,삼천2동,11686,3295
전북특별자치도,전주시 완산구,삼천3동,20125,4658
전북특별자치도,전주시 완산구,효자1동,12034,3231
전북특별자치도,전주시 완산구,효자2동,8721,2511
전북특별자치도,전주시 완산구,효자3동,13511,3551
전북특별자치도,전주시 완산구,효자4동,38687,4917
전북특별자치도,전주시 완산구,효자5동,36001,2924
전북특별자치도,전주시,덕진구,308441,56380
전북특별자치도,전주시 덕진구,진북동,12004,4442
전북특별자치도,전주시 덕진구,인후1동,16809,3970
전북특별자치도,전주시 덕진구,인후2동,9877,3206
전북특별자치도,전주시 덕진구,인후3동,29166,4932
전북특별자치도,전주시 덕진구,덕진동,19741,3196
전북특별자치도,전주시 덕진구,금암동,17562,4434
전북특별자치도,전주시 덕진구,팔복동,7130,2243
전북특별자치도,전주시 덕진구,우아1동,11512,2528
전북특별자치도,전주시 덕진구,우아2동,13489,3002
전북특별자치도,전주시 덕진구,호성동,17995,4283
전북특별자치도,전주시 덕진구,송천1동,32416,4715
전북특별자치도,전주시 덕진구,송천2동,24131,4871
전북특별자치도,전주시 덕진구,송천3동,33042,1903
전북특별자치도,전주시 덕진구,조촌동,12220,3081
전북특별자치도,전주시 덕진구,여의동,15371,3294
전북특별자치도,전주시 덕진구,혁신동,35976,2280
전북특별자치도,군산시,,256127,62891
전북특별자치도,군산시,옥구읍,2805,1347
전북특별자치도,군산시,옥산면,4263,1050
전북특별자치도,군산시,회현면,3028,1158
전북특별자치도,군산시,임피면,2330,1153
전북특별자치도,군산시,서수면,2258,1154
전북특별자치도,군산시,대야면,4369,2197
전북특별자치도,군산시,개정면,2669,1256
전북특별자치도,군산시,성산면,2463,1165
전북특별자치도,군산시,나포면,1960,1039
전북특별자치도,군산시,옥도면,2723,1047
전북특별자치도,군산시,옥서면,2537,1166
전북특별자치도,군산시,해신동,1889,896
전북특별자치도,군산시,월명동,4457,1900
전북특별자치도,군산시,신풍동,5790,2263
전북특별자치도,군산시,삼학동,4926,2314
전북특별자치도,군산시,중앙동,3958,1382
전북특별자치도,군산시,흥남동,11074,3101
전북특별자치도,군산시,조촌동,25941,4188
전북특별자치도,군산시,경암동,6565,2474
전북특별자치도,군산시,구암동,15776,2506
전북특별자치도,군산시,개정동,2364,902
전북특별자치도,군산시,수송동,52853,6938
전북특별자치도,군산시,나운1동,12526,3427
전북특별자치도,군산시,나운2동,20494,5277
전북특별자치도,군산시,나운3동,29830,5533
전북특별자치도,군산시,소룡동,15746,3362
전북특별자치도,군산시,미성동,10533,2696
전북특별자치도,익산시,,266967,68648
전북특별자치도,익산시,함열읍,5907,2391
전북특별자치도,익산시,오산면,6571,2513
전북특별자치도,익산시,황등면,6287,2605
전북특별자치도,익산시,함라면,1950,964
전북특별자치도,익산시,웅포면,1393,765
전북특별자치도,익산시,성당면,1695,878
전북특별자치도,익산시,용안면,2327,1261
전북특별자치도,익산시,낭산면,2670,1262
전북특별자치도,익산시,망성면,2644,1436
전북특별자치도,익산시,여산면,2893,1281
전북특별자치도,익산시,금마면,5007,1758
전북특별자치도,익산시,왕궁면,4991,2026
전북특별자치도,익산시,춘포면,4241,1709
전북특별자치도,익산시,삼기면,2339,1048
전북특별자치도,익산시,용동면,1349,779
전북특별자치도,익산시,중앙동,2985,1127
전북특별자치도,익산시,평화동,5578,1427
전북특별자치도,익산시,인화동,5769,2167
전북특별자치도,익산시,동산동,19503,5453
전북특별자치도,익산시,마동,18462,2801
전북특별자치도,익산시,남중동,10875,3881
전북특별자치도,익산시,모현동,35584,7907
전북특별자치도,익산시,송학동,11333,1890
전북특별자치도,익산시,영등1동,19676,4496
전북특별자치도,익산시,영등2동,12059,1684
전북특별자치도,익산시,어양동,21635,3208
전북특별자치도,익산시,신동,14676,3611
전북특별자치도,익산시,팔봉동,6034,1464
전북특별자치도,익산시,삼성동,30534,4856
전북특별자치도,정읍시,,101129,33796
전북특별자치도,정읍시,신태인읍,4848,2169
전북특별자치도,정읍시,북면,3809,1545
전북특별자치도,정읍시,입암면,2506,1262
전북특별자치도,정읍시,소성면,1880,974
전북특별자치도,정읍시,고부면,2547,1313
전북특별자치도,정읍시,영원면,1575,867
전북특별자치도,정읍시,덕천면,1613,751
전북특별자치도,정읍시,이평면,1816,975
전북특별자치도,정읍시,정우면,2269,1139
전북특별자치도,정읍시,태인면,3128,1572
전북특별자치도,정읍시,감곡면,2569,1425
전북특별자치도,정읍시,옹동면,1542,797
전북특별자치도,정읍시,칠보면,2087,1008
전북특별자치도,정읍시,산내면,1156,610
전북특별자치도,정읍시,산외면,1909,1011
전북특별자치도,정읍시,수성동,15764,3210
전북특별자치도,정읍시,장명동,2637,847
전북특별자치도,정읍시,내장상동,20362,4523
전북특별자치도,정읍시,시기동,2951,1162
전북특별자치도,정읍시,초산동,9707,2028
전북특별자치도,정읍시,연지동,5561,1710
전북특별자치도,정읍시,농소동,4872,1417
전북특별자치도,정읍시,상교동,4021,1481
전북특별자치도,남원시,,74364,25717
전북특별자치도,남원시,운봉읍,3485,1674
전북특별자치도,남원시,주천면,2412,1062
전북특별자치도,남원시,수지면,1013,534
전북특별자치도,남원시,송동면,1787,902
전북특별자치도,남원시,주생면,1664,852
전북특별자치도,남원시,금지면,2035,1113
전북특별자치도,남원시,대강면,1373,820
전북특별자치도,남원시,대산면,1448,714
전북특별자치도,남원시,사매면,1425,717
전북특별자치도,남원시,덕과면,892,478
전북특별자치도,남원시,보절면,1270,708
전북특별자치도,남원시,산동면,1582,827
전북특별자치도,남원시,이백면,2065,946
전북특별자치도,남원시,아영면,1764,857
전북특별자치도,남원시,산내면,1985,749
전북특별자치도,남원시,인월면,2635,1130
전북특별자치도,남원시,동충동,2843,994
전북특별자치도,남원시,죽항동,2821,1072
전북특별자치도,남원시,노암동,5768,1453
전북특별자치도,남원시,금동,5783,1703
전북특별자치도,남원시,왕정동,5375,1471
전북특별자치도,남원시,향교동,6365,2071
전북특별자치도,남원시,도통동,16574,2870
전북특별자치도,김제시,,81823,29615
전북특별자치도,김제시,만경읍,2531,1238
전북특별자치도,김제시,죽산면,2305,1250
전북특별자치도,김제시,백산면,3892,1185
전북특별자치도,김제시,용지면,3318,1621
전북특별자치도,김제시,백구면,3560,1586
전북특별자치도,김제시,부량면,1278,629
전북특별자치도,김제시,공덕면,2420,1114
전북특별자치도,김제시,청하면,1639,846
전북특별자치도,김제시,성덕면,1662,843
전북특별자치도,김제시,진봉면,2386,1323
전북특별자치도,김제시,금구면,5653,2034
전북특별자치도,김제시,봉남면,2087,1095
전북특별자치도,김제시,황산면,1847,876
전북특별자치도,김제시,금산면,4398,1999
전북특별자치도,김제시,광활면,1241,599
전북특별자치도,김제시,요촌동,10884,3086
전북특별자치도,김제시,신풍동,12365,3388
전북특별자치도,김제시,검산동,11992,2736
전북특별자치도,김제시,교월동,6365,2167
전북특별자치도,완주군,,100372,26951
전북특별자치도,완주군,삼례읍,22305,4791
전북특별자치도,완주군,봉동읍,24325,4772
전북특별자치도,완주군,용진읍,10917,2914
전북특별자치도,완주군,상관면,3982,1404
전북특별자치도,완주군,이서면,15402,2830
전북특별자치도,완주군,소양면,5625,2427
전북특별자치도,완주군,구이면,5492,2215
전북특별자치도,완주군,고산면,4245,1747
전북특별자치도,완주군,비봉면,1732,823
전북특별자치도,완주군,운주면,1877,953
전북특별자치도,완주군,화산면,2512,1105
전북특별자치도,완주군,동상면,1032,479
전북특별자치도,완주군,경천면,926,491
전북특별자치도,진안군,,24284,10183
전북특별자치도,진안군,진안읍,9618,3312
전북특별자치도,진안군,용담면,849,437
전북특별자치도,진안군,안천면,1029,503
전북특별자치도,진안군,동향면,1322,654
전북특별자치도,진안군,상전면,802,388
전북특별자치도,진안군,백운면,1950,871
전북특별자치도,진안군,성수면,1692,812
전북특별자치도,진안군,마령면,1688,834
전북특별자치도,진안군,부귀면,2863,1154
전북특별자치도,진안군,정천면,1060,453
전북특별자치도,진안군,주천면,1411,765
전북특별자치도,무주군,,22777,9087
전북특별자치도,무주군,무주읍,9211,2653
전북특별자치도,무주군,무풍면,2077,1028
전북특별자치도,무주군,설천면,3729,1474
전북특별자치도,무주군,적상면,2515,1279
전북특별자치도,무주군,안성면,3915,1910
전북특별자치도,무주군,부남면,1330,743
전북특별자치도,장수군,,21015,8581
전북특별자치도,장수군,장수읍,7196,2315
전북특별자치도,장수군,산서면,1914,944
전북특별자치도,장수군,번암면,2176,1141
전북특별자치도,장수군,장계면,4140,1506
전북특별자치도,장수군,천천면,2005,1044
전북특별자치도,장수군,계남면,2089,898
전북특별자치도,장수군,계북면,1495,733
전북특별자치도,임실군,,25298,11004
전북특별자치도,임실군,임실읍,7067,2027
전북특별자치도,임실군,청웅면,1192,641
전북특별자치도,임실군,운암면,1515,729
전북특별자치도,임실군,신평면,1359,686
전북특별자치도,임실군,성수면,1549,791
전북특별자치도,임실군,오수면,3350,1632
전북특별자치도,임실군,신덕면,1241,629
전북특별자치도,임실군,삼계면,1382,791
전북특별자치도,임실군,관촌면,3014,1323
전북특별자치도,임실군,강진면,1373,653
전북특별자치도,임실군,덕치면,1097,546
전북특별자치도,임실군,지사면,1159,556
전북특별자치도,순창군,,27665,10661
전북특별자치도,순창군,순창읍,10825,2538
전북특별자치도,순창군,인계면,1503,689
전북특별자치도,순창군,동계면,1967,971
전북특별자치도,순창군,풍산면,1619,800
전북특별자치도,순창군,금과면,1764,864
전북특별자치도,순창군,팔덕면,1439,668
전북특별자치도,순창군,쌍치면,1950,918
전북특별자치도,순창군,복흥면,2077,926
전북특별자치도,순창군,적성면,1253,625
전북특별자치도,순창군,유등면,1025,526
전북특별자치도,순창군,구림면,2243,1136
전북특별자치도,고창군,,50242,20665
전북특별자치도,고창군,고창읍,20427,5428
전북특별자치도,고창군,고수면,2219,1086
전북특별자치도,고창군,아산면,2396,1198
전북특별자치도,고창군,무장면,2584,1229
전북특별자치도,고창군,공음면,2204,1188
전북특별자치도,고창군,상하면,2171,1074
전북특별자치도,고창군,해리면,2419,1363
전북특별자치도,고창군,성송면,1608,901
전북특별자치도,고창군,대산면,2818,1500
전북특별자치도,고창군,심원면,2252,1045
전북특별자치도,고창군,흥덕면,2828,1381
전북특별자치도,고창군,성내면,1745,946
전북특별자치도,고창군,신림면,2011,1017
전북특별자치도,고창군,부안면,2560,1309
전북특별자치도,부안군,,47193,18937
전북특별자치도,부안군,부안읍,19892,5355
전북특별자치도,부안군,주산면,1691,925
전북특별자치도,부안군,동진면,2460,1280
전북특별자치도,부안군,행안면,2003,871
전북특별자치도,부안군,계화면,2899,1519
전북특별자치도,부안군,보안면,2163,1199
전북특별자치도,부안군,변산면,4035,1624
전북특별자치도,부안군,진서면,2079,1013
전북특별자치도,부안군,백산면,2242,1213
전북특별자치도,부안군,상서면,1969,1000
전북특별자치도,부안군,하서면,2322,1227
전북특별자치도,부안군,줄포면,2366,1166
전북특별자치도,부안군,위도면,1072,545
전라남도,,,1778171,508215
전라남도,목포시,,201544,46548
전라남도,목포시,용당1동,8862,3401
전라남도,목포시,용당2동,4322,1793
전라남도,목포시,연동,3687,1570
전라남도,목포시,산정동,8503,2074
전라남도,목포시,연산동,9641,1288
전라남도,목포시,원산동,10989,2524
전라남도,목포시,대성동,4510,1149
전라남도,목포시,목원동,5896,2604
전라남도,목포시,동명동,4381,1886
전라남도,목포시,삼학동,5260,1629
전라남도,목포시,만호동,2251,1070
전라남도,목포시,유달동,3542,1432
전라남도,목포시,죽교동,2504,984
전라남도,목포시,북항동,8029,2109
전라남도,목포시,용해동,15130,2923
전라남도,목포시,이로동,9677,2242
전라남도,목포시,상동,21128,4432
전라남도,목포시,하당동,14301,2106
전라남도,목포시,신흥동,15672,2870
전라남도,목포시,삼향동,4174,1068
전라남도,목포시,옥암동,10196,1608
전라남도,목포시,부흥동,7549,1480
전라남도,목포시,부주동,21340,2306
전라남도,여수시,,262832,67162
전라남도,여수시,돌산읍,2291,1289
전라남도,여수시,돌산읍우두출장소,7895,2763
전라남도,여수시,돌산읍죽포출장소,1726,969
전라남도,여수시,소라면,21029,4200
전라남도,여수시,율촌면,6043,2569
전라남도,여수시,화양면,5884,2816
전라남도,여수시,남면,2552,1416
전라남도,여수시,화정면,1248,759
전라남도,여수시,화정면개도출장소,742,391
전라남도,여수시,삼산면,1920,843
전라남도,여수시,동문동,3955,1589
전라남도,여수시,한려동,2538,1048
전라남도,여수시,중앙동,3609,1562
전라남도,여수시,충무동,3297,1542
전라남도,여수시,광림동,5828,2156
전라남도,여수시,서강동,3713,1473
전라남도,여수시,대교동,4429,2060
전라남도,여수시,국동,9732,3394
전라남도,여수시,월호동,6991,2173
전라남도,여수시,여서동,15316,4363
전라남도,여수시,문수동,18314,4193
전라남도,여수시,미평동,10960,2661
전라남도,여수시,둔덕동,9200,1946
전라남도,여수시,만덕동,9955,2531
전라남도,여수시,쌍봉동,31222,4862
전라남도,여수시,시전동,43282,4981
전라남도,여수시,여천동,18721,4154
전라남도,여수시,주삼동,7448,1154
전라남도,여수시,삼일동,1930,815
전라남도,여수시,묘도동,1062,490
전라남도,순천시,,275014,57241
전라남도,순천시,승주읍,2313,1230
전라남도,순천시,해룡면,4050,1899
전라남도,순천시,해룡면상삼출장소,17754,1912
전라남도,순천시,해룡면신대출장소,32642,1599
전라남도,순천시,서면,15075,3685
전라남도,순천시,황전면,2560,1517
전라남도,순천시,월등면,1593,888
전라남도,순천시,주암면,2788,1576
전라남도,순천시,송광면,1327,761
전라남도,순천시,외서면,739,441
전라남도,순천시,낙안면,2788,1547
전라남도,순천시,별량면,4996,2536
전라남도,순천시,상사면,2784,1259
전라남도,순천시,향동,3079,1347
전라남도,순천시,매곡동,6231,1658
전라남도,순천시,삼산동,28581,5434
전라남도,순천시,조곡동,6993,1688
전라남도,순천시,덕연동,38857,7326
전라남도,순천시,풍덕동,6703,2362
전라남도,순천시,남제동,7372,2689
전라남도,순천시,저전동,2506,998
전라남도,순천시,장천동,1772,689
전라남도,순천시,중앙동,2419,907
전라남도,순천시,도사동,16735,3442
전라남도,순천시,왕조1동,45743,5829
전라남도,순천시,왕조2동,16614,2022
전라남도,나주시,,117028,30286
전라남도,나주시,남평읍,11561,3275
전라남도,나주시,세지면,2322,1175
전라남도,나주시,왕곡면,2553,1247
전라남도,나주시,반남면,1227,670
전라남도,나주시,공산면,2039,1045
전라남도,나주시,동강면,2197,1213
전라남도,나주시,다시면,3241,1671
전라남도,나주시,문평면,1684,949
전라남도,나주시,노안면,4106,2103
전라남도,나주시,금천면,6756,1840
전라남도,나주시,산포면,3001,1378
전라남도,나주시,다도면,1737,899
전라남도,나주시,봉황면,3714,1896
전라남도,나주시,송월동,11142,1652
전라남도,나주시,영강동,2485,786
전라남도,나주시,금남동,4180,1604
전라남도,나주시,성북동,7901,1821
전라남도,나주시,영산동,2666,1253
전라남도,나주시,이창동,3078,1166
전라남도,나주시,빛가람동,39438,2643
전라남도,광양시,,155497,27263
전라남도,광양시,광양읍,48827,9693
전라남도,광양시,봉강면,1958,842
전라남도,광양시,옥룡면,2772,1327
전라남도,광양시,옥곡면,4729,1377
전라남도,광양시,진상면,2423,1278
전라남도,광양시,진월면,2429,1290
전라남도,광양시,다압면,1568,811
전라남도,광양시,골약동,12956,876
전라남도,광양시,중마동,56946,5228
전라남도,광양시,광영동,9959,2083
전라남도,광양시,금호동,9517,1878
전라남도,광양시,태인동,1413,580
전라남도,담양군,,44140,16602
전라남도,담양군,담양읍,15119,4286
전라남도,담양군,봉산면,2530,1112
전라남도,담양군,고서면,2849,1301
전라남도,담양군,가사문학면,1160,561
전라남도,담양군,창평면,3374,1428
전라남도,담양군,대덕면,1795,779
전라남도,담양군,무정면,2264,1046
전라남도,담양군,금성면,2380,1115
전라남도,담양군,용면,1711,790
전라남도,담양군,월산면,2209,980
전라남도,담양군,수북면,4710,1674
전라남도,담양군,대전면,4039,1530
전라남도,곡성군,,27426,11303
전라남도,곡성군,곡성읍,7967,2585
전라남도,곡성군,오곡면,1761,841
전라남도,곡성군,삼기면,1657,862
전라남도,곡성군,석곡면,2177,1074
전라남도,곡성군,목사동면,1331,692
전라남도,곡성군,죽곡면,1902,961
전라남도,곡성군,고달면,1078,573
전라남도,곡성군,옥과면,4043,1327
전라남도,곡성군,입면,2346,929
전라남도,곡성군,겸면,1660,768
전라남도,곡성군,오산면,1504,691
전라남도,구례군,,23866,9886
전라남도,구례군,구례읍,10398,3348
전라남도,구례군,문척면,1282,570
전라남도,구례군,간전면,1366,666
전라남도,구례군,토지면,2344,1125
전라남도,구례군,마산면,2343,1065
전라남도,구례군,광의면,2123,1129
전라남도,구례군,용방면,1292,652
전라남도,구례군,산동면,2718,1331
전라남도,고흥군,,59394,28162
전라남도,고흥군,고흥읍,12314,3300
전라남도,고흥군,도양읍,9209,3664
전라남도,고흥군,도양읍소록출장소,507,323
전라남도,고흥군,도양읍시산출장소,184,82
전라남도,고흥군,풍양면,2869,1696
전라남도,고흥군,도덕면,2668,1473
전라남도,고흥군,금산면,3937,2233
전라남도,고흥군,도화면,3553,1977
전라남도,고흥군,포두면,4439,2418
전라남도,고흥군,봉래면,1781,980
전라남도,고흥군,점암면,2528,1426
전라남도,고흥군,과역면,3012,1626
전라남도,고흥군,남양면,2142,1194
전라남도,고흥군,동강면,2844,1494
전라남도,고흥군,대서면,2057,1171
전라남도,고흥군,두원면,2811,1689
전라남도,고흥군,영남면,1163,677
전라남도,고흥군,동일면,1376,739
전라남도,보성군,,36956,16605
전라남도,보성군,보성읍,8453,2610
전라남도,보성군,벌교읍,10755,4853
전라남도,보성군,노동면,1078,574
전라남도,보성군,미력면,1324,661
전라남도,보성군,겸백면,1071,577
전라남도,보성군,율어면,1098,554
전라남도,보성군,복내면,1506,808
전라남도,보성군,문덕면,909,428
전라남도,보성군,조성면,3309,1746
전라남도,보성군,득량면,2476,1315
전라남도,보성군,득량면예당출장소,1109,501
전라남도,보성군,회천면,2854,1402
전라남도,보성군,웅치면,1014,576
전라남도,화순군,,60205,19484
전라남도,화순군,화순읍,39030,8913
전라남도,화순군,화순읍민원출장소,0,0
전라남도,화순군,한천면,902,433
전라남도,화순군,한천면영외출장소,398,242
전라남도,화순군,춘양면,1632,864
전라남도,화순군,청풍면,948,529
전라남도,화순군,이양면,1662,898
전라남도,화순군,능주면,2841,1244
전라남도,화순군,도곡면,2702,1250
전라남도,화순군,도암면,1323,715
전라남도,화순군,이서면,935,473
전라남도,화순군,백아면,1467,818
전라남도,화순군,동복면,1445,771
전라남도,화순군,사평면,2010,989
전라남도,화순군,동면,2910,1345
전라남도,장흥군,,34141,13828
전라남도,장흥군,장흥읍,14651,3947
전라남도,장흥군,관산읍,4345,2151
전라남도,장흥군,대덕읍,2878,1418
전라남도,장흥군,용산면,2082,1097
전라남도,장흥군,안양면,2561,1265
전라남도,장흥군,장동면,1099,620
전라남도,장흥군,장평면,1885,968
전라남도,장흥군,유치면,908,470
전라남도,장흥군,부산면,1314,687
전라남도,장흥군,회진면,2418,1205
전라남도,강진군,,31804,12980
전라남도,강진군,강진읍,12487,3702
전라남도,강진군,군동면,4710,1642
전라남도,강진군,칠량면,1989,1044
전라남도,강진군,대구면,986,530
전라남도,강진군,도암면,2258,1272
전라남도,강진군,신전면,1593,849
전라남도,강진군,성전면,2560,1299
전라남도,강진군,작천면,1639,878
전라남도,강진군,병영면,1436,733
전라남도,강진군,옴천면,554,294
전라남도,강진군,마량면,1592,737
전라남도,해남군,,62171,24342
전라남도,해남군,해남읍,23379,5428
전라남도,해남군,삼산면,2667,1257
전라남도,해남군,화산면,2833,1428
전라남도,해남군,현산면,2528,1354
전라남도,해남군,송지면,5436,2387
전라남도,해남군,북평면,2442,1262
전라남도,해남군,북일면,1806,969
전라남도,해남군,옥천면,2712,1313
전라남도,해남군,계곡면,1979,1082
전라남도,해남군,마산면,2242,1074
전라남도,해남군,황산면,4157,2075
전라남도,해남군,산이면,3358,1588
전라남도,해남군,문내면,3496,1683
전라남도,해남군,화원면,3136,1442
전라남도,영암군,,50051,16175
전라남도,영암군,영암읍,7642,2387
전라남도,영암군,삼호읍,15021,2500
전라남도,영암군,삼호읍서부출장소,5828,741
전라남도,영암군,덕진면,1632,788
전라남도,영암군,금정면,1923,983
전라남도,영암군,신북면,3311,1614
전라남도,영암군,시종면,3175,1624
전라남도,영암군,도포면,2011,972
전라남도,영암군,군서면,2968,1410
전라남도,영암군,서호면,1740,933
전라남도,영암군,학산면,2776,1225
전라남도,영암군,미암면,2024,998
전라남도,무안군,,95710,20501
전라남도,무안군,무안읍,10557,2818
전라남도,무안군,일로읍,25620,3105
전라남도,무안군,삼향읍,4915,2040
전라남도,무안군,삼향읍남악출장소,32405,2364
전라남도,무안군,몽탄면,2748,1395
전라남도,무안군,청계면,6268,2334
전라남도,무안군,현경면,4223,2076
전라남도,무안군,망운면,1812,879
전라남도,무안군,해제면,4428,2238
전라남도,무안군,운남면,2734,1252
전라남도,함평군,,29394,12584
전라남도,함평군,함평읍,8134,2645
전라남도,함평군,손불면,3040,1482
전라남도,함평군,신광면,1597,826
전라남도,함평군,학교면,3303,1643
전라남도,함평군,엄다면,1749,842
전라남도,함평군,대동면,2949,1296
전라남도,함평군,나산면,2590,1241
전라남도,함평군,해보면,2612,1127
전라남도,함평군,월야면,3420,1482
전라남도,영광군,,53713,17452
전라남도,영광군,영광읍,23511,5252
전라남도,영광군,백수읍,4427,2047
전라남도,영광군,홍농읍,7045,1680
전라남도,영광군,대마면,1633,704
전라남도,영광군,묘량면,1722,809
전라남도,영광군,불갑면,1464,634
전라남도,영광군,군서면,2270,963
전라남도,영광군,군남면,2275,1218
전라남도,영광군,염산면,3823,1913
전라남도,영광군,법성면,4870,1977
전라남도,영광군,낙월면,450,163
전라남도,영광군,낙월면안마출장소,223,92
전라남도,장성군,,42975,15100
전라남도,장성군,장성읍,14990,4278
전라남도,장성군,진원면,3562,1242
전라남도,장성군,남면,3554,1354
전라남도,장성군,동화면,1806,794
전라남도,장성군,삼서면,2914,1207
전라남도,장성군,삼계면,5135,1312
전라남도,장성군,황룡면,3748,1415
전라남도,장성군,서삼면,1463,624
전라남도,장성군,북일면,1294,660
전라남도,장성군,북이면,2588,1287
전라남도,장성군,북하면,1921,927
전라남도,완도군,,44535,17439
전라남도,완도군,완도읍,16815,4681
전라남도,완도군,금일읍,3310,1460
전라남도,완도군,노화읍,3749,1426
전라남도,완도군,노화읍넙도출장소,681,288
전라남도,완도군,군외면,2845,1497
전라남도,완도군,신지면,3042,1412
전라남도,완도군,고금면,3736,1879
전라남도,완도군,약산면,2145,1100
전라남도,완도군,청산면,1852,928
전라남도,완도군,청산면모도출장소,217,114
전라남도,완도군,소안면,2227,1054
전라남도,완도군,금당면,797,384
전라남도,완도군,보길면,2393,886
전라남도,완도군,생일면,726,330
전라남도,진도군,,27925,11092
전라남도,진도군,진도읍,10210,2722
전라남도,진도군,군내면,2726,1230
전라남도,진도군,고군면,3235,1425
전라남도,진도군,의신면,3206,1513
전라남도,진도군,임회면,3096,1521
전라남도,진도군,지산면,2805,1491
전라남도,진도군,조도면,2027,923
전라남도,진도군,조도면가사출장소,233,116
전라남도,진도군,조도면거차출장소,387,151
전라남도,신안군,,41850,16180
전라남도,신안군,지도읍,4780,1917
전라남도,신안군,지도읍선도출장소,245,111
전라남도,신안군,압해읍,6442,2332
전라남도,신안군,압해읍매화출장소,285,138
전라남도,신안군,압해읍고이도출장소,256,104
전라남도,신안군,증도면,1577,619
전라남도,신안군,증도면병풍출장소,318,132
전라남도,신안군,임자면,3510,1215
전라남도,신안군,자은면,2692,1036
전라남도,신안군,비금면,3709,1450
전라남도,신안군,비금면수치도출장소,142,62
전라남도,신안군,도초면,2440,985
전라남도,신안군,도초면우이도출장소,236,84
전라남도,신안군,흑산면,2137,759
전라남도,신안군,흑산면가거도출장소,351,93
전라남도,신안군,흑산면태도출장소,210,63
전라남도,신안군,흑산면홍도출장소,468,116
전라남도,신안군,흑산면대둔도출장소,275,114
전라남도,신안군,하의면,1667,711
전라남도,신안군,신의면,1564,517
전라남도,신안군,장산면,1624,724
전라남도,신안군,안좌면,3794,1459
전라남도,신안군,팔금면,1003,505
전라남도,신안군,암태면,2125,934
경상북도,,,2503544,691555
경상북도,포항시,,488683,117657
경상북도,포항시,남구,214869,53605
경상북도,포항시 남구,구룡포읍,6489,3346
경상북도,포항시 남구,연일읍,27104,5945
경상북도,포항시 남구,오천읍,56673,9285
경상북도,포항시 남구,대송면,2928,1433
경상북도,포항시 남구,동해면,8988,3122
경상북도,포항시 남구,장기면,3633,2075
경상북도,포항시 남구,호미곶면,1610,900
경상북도,포항시 남구,상대동,22069,7093
경상북도,포항시 남구,해도동,15298,6036
경상북도,포항시 남구,송도동,10811,4724
경상북도,포항시 남구,청림동,4497,1536
경상북도,포항시 남구,제철동,2283,620
경상북도,포항시 남구,효곡동,28964,4042
경상북도,포항시 남구,대이동,23522,3448
경상북도,포항시,북구,273814,64052
경상북도,포항시 북구,흥해읍,60271,10546
경상북도,포항시 북구,신광면,2705,1499
경상북도,포항시 북구,청하면,4222,2119
경상북도,포항시 북구,송라면,2278,1217
경상북도,포항시 북구,기계면,4669,2516
경상북도,포항시 북구,죽장면,2019,1193
경상북도,포항시 북구,죽장면상옥출장소,623,386
경상북도,포항시 북구,기북면,1276,733
경상북도,포항시 북구,중앙동,13125,5005
경상북도,포항시 북구,양학동,16237,3552
경상북도,포항시 북구,죽도동,17904,6353
경상북도,포항시 북구,용흥동,19237,5941
경상북도,포항시 북구,우창동,30450,6194
경상북도,포항시 북구,두호동,20476,4896
경상북도,포항시 북구,장량동,70067,9876
경상북도,포항시 북구,환여동,8255,2026
경상북도,경주시,,243781,70742
경상북도,경주시,감포읍,5035,2302
경상북도,경주시,안강읍,21769,7864
경상북도,경주시,건천읍,14380,4314
경상북도,경주시,외동읍,21471,6302
경상북도,경주시,문무대왕면,3962,1674
경상북도,경주시,양남면,6259,2329
경상북도,경주시,내남면,4322,2279
경상북도,경주시,산내면,3121,1836
경상북도,경주시,서면,2909,1559
경상북도,경주시,현곡면,21543,3881
경상북도,경주시,강동면,5739,2529
경상북도,경주시,천북면,5371,1962
경상북도,경주시,황오동,9620,4116
경상북도,경주시,성건동,12189,4394
경상북도,경주시,황남동,3611,1786
경상북도,경주시,선도동,13680,3040
경상북도,경주시,월성동,5239,1984
경상북도,경주시,용강동,24719,3503
경상북도,경주시,황성동,27907,4469
경상북도,경주시,동천동,19885,4928
경상북도,경주시,불국동,9482,3032
경상북도,경주시,보덕동,1568,659
경상북도,김천시,,133444,38910
경상북도,김천시,아포읍,7983,2739
경상북도,김천시,농소면,3012,1255
경상북도,김천시,남면,2816,1364
경상북도,김천시,개령면,2180,1124
경상북도,김천시,감문면,2984,1645
경상북도,김천시,어모면,3918,1707
경상북도,김천시,봉산면,2818,1341
경상북도,김천시,대항면,3081,1419
경상북도,김천시,감천면,1687,809
경상북도,김천시,조마면,2018,1043
경상북도,김천시,구성면,2545,1442
경상북도,김천시,지례면,1364,784
경상북도,김천시,부항면,1176,663
경상북도,김천시,대덕면,2053,1024
경상북도,김천시,증산면,940,520
경상북도,김천시,자산동,5703,2480
경상북도,김천시,평화남산동,6748,2723
경상북도,김천시,양금동,3328,1626
경상북도,김천시,대신동,23035,4488
경상북도,김천시,대곡동,20325,5005
경상북도,김천시,지좌동,10324,2279
경상북도,김천시,율곡동,23406,1430
경상북도,안동시,,152149,45683
경상북도,안동시,풍산읍,7976,2979
경상북도,안동시,와룡면,3653,1940
경상북도,안동시,북후면,2718,1420
경상북도,안동시,서후면,3598,1617
경상북도,안동시,풍천면,7562,1936
경상북도,안동시,일직면,2347,1314
경상북도,안동시,남후면,1561,897
경상북도,안동시,남선면,1934,925
경상북도,안동시,임하면,2507,1326
경상북도,안동시,길안면,2504,1413
경상북도,안동시,임동면,1539,904
경상북도,안동시,예안면,1637,940
경상북도,안동시,도산면,1343,817
경상북도,안동시,녹전면,1542,917
경상북도,안동시,중구동,4762,1640
경상북도,안동시,명륜동,4569,1526
경상북도,안동시,용상동,24215,4705
경상북도,안동시,서구동,8160,2637
경상북도,안동시,태화동,11852,3595
경상북도,안동시,평화동,5735,1963
경상북도,안동시,안기동,5714,1842
경상북도,안동시,옥동,19719,3991
경상북도,안동시,송하동,14947,2905
경상북도,안동시,강남동,10055,1534
경상북도,구미시,,403649,57792
경상북도,구미시,선산읍,13222,4544
경상북도,구미시,고아읍,40426,6549
경상북도,구미시,산동읍,30467,1547
경상북도,구미시,무을면,1693,950
경상북도,구미시,옥성면,1589,855
경상북도,구미시,도개면,1959,1032
경상북도,구미시,해평면,3537,1761
경상북도,구미시,장천면,2668,1229
경상북도,구미시,송정동,23092,4441
경상북도,구미시,원평동,9416,1897
경상북도,구미시,도량동,26100,5127
경상북도,구미시,지산동,1788,716
경상북도,구미시,선주원남동,35887,5023
경상북도,구미시,형곡1동,12366,2399
경상북도,구미시,형곡2동,14658,2815
경상북도,구미시,신평1동,4606,795
경상북도,구미시,신평2동,2812,551
경상북도,구미시,비산동,12884,1253
경상북도,구미시,광평동,3932,687
경상북도,구미시,상모사곡동,29809,2847
경상북도,구미시,임오동,16730,1571
경상북도,구미시,인동동,46408,4847
경상북도,구미시,진미동,15922,1129
경상북도,구미시,양포동,47659,2839
경상북도,구미시,공단동,4019,388
경상북도,영주시,,97021,32580
경상북도,영주시,풍기읍,10055,4019
경상북도,영주시,이산면,2138,1038
경상북도,영주시,평은면,1359,769
경상북도,영주시,문수면,1802,925
경상북도,영주시,장수면,1983,1048
경상북도,영주시,안정면,2714,1469
경상북도,영주시,봉현면,2464,1202
경상북도,영주시,순흥면,1837,1030
경상북도,영주시,단산면,1688,951
경상북도,영주시,부석면,2704,1539
경상북도,영주시,상망동,6824,2087
경상북도,영주시,하망동,5651,1862
경상북도,영주시,영주1동,3373,1455
경상북도,영주시,영주2동,4427,1908
경상북도,영주시,휴천1동,6805,1513
경상북도,영주시,휴천2동,9548,3180
경상북도,영주시,휴천3동,6845,2242
경상북도,영주시,가흥1동,14912,2129
경상북도,영주시,가흥2동,9892,2214
경상북도,영천시,,94943,34074
경상북도,영천시,금호읍,9954,4146
경상북도,영천시,청통면,3757,1850
경상북도,영천시,신녕면,3463,1766
경상북도,영천시,화산면,2912,1560
경상북도,영천시,화북면,2142,1154
경상북도,영천시,화남면,3098,1604
경상북도,영천시,자양면,1246,629
경상북도,영천시,임고면,3948,2105
경상북도,영천시,고경면,5314,2363
경상북도,영천시,북안면,4112,2195
경상북도,영천시,대창면,2880,1457
경상북도,영천시,동부동,25690,5841
경상북도,영천시,중앙동,8726,2214
경상북도,영천시,서부동,4236,1704
경상북도,영천시,완산동,9771,2158
경상북도,영천시,남부동,3694,1328
경상북도,상주시,,89795,34726
경상북도,상주시,함창읍,5979,2603
경상북도,상주시,중동면,1281,698
경상북도,상주시,사벌국면,3584,1872
경상북도,상주시,낙동면,2803,1486
경상북도,상주시,낙동면동부출장소,893,458
경상북도,상주시,청리면,2338,1290
경상북도,상주시,공성면,3735,1989
경상북도,상주시,외남면,1471,799
경상북도,상주시,내서면,1770,958
경상북도,상주시,모동면,2411,1111
경상북도,상주시,모서면,1558,796
경상북도,상주시,모서면서부출장소,690,350
경상북도,상주시,화동면,1783,880
경상북도,상주시,화서면,2659,1182
경상북도,상주시,화북면,1094,523
경상북도,상주시,화북면서부출장소,299,179
경상북도,상주시,외서면,2431,1265
경상북도,상주시,은척면,1105,672
경상북도,상주시,은척면북부출장소,338,191
경상북도,상주시,공검면,1910,1119
경상북도,상주시,이안면,1887,1038
경상북도,상주시,화남면,765,383
경상북도,상주시,남원동,10790,3025
경상북도,상주시,북문동,9085,2287
경상북도,상주시,계림동,8674,2178
경상북도,상주시,동문동,7192,2179
경상북도,상주시,동성동,3152,1229
경상북도,상주시,신흥동,8118,1986
경상북도,문경시,,65189,24835
경상북도,문경시,문경읍,5420,2461
경상북도,문경시,문경읍갈평출장소,1037,501
경상북도,문경시,가은읍,2955,1547
경상북도,문경시,가은읍북부출장소,839,419
경상북도,문경시,영순면,2227,1140
경상북도,문경시,산양면,2845,1484
경상북도,문경시,호계면,2162,1041
경상북도,문경시,산북면,2495,1352
경상북도,문경시,동로면,1857,933
경상북도,문경시,마성면,3218,1719
경상북도,문경시,농암면,2418,1324
경상북도,문경시,점촌1동,5141,1887
경상북도,문경시,점촌2동,6329,2350
경상북도,문경시,점촌3동,8146,2622
경상북도,문경시,점촌4동,2813,1281
경상북도,문경시,점촌5동,15287,2774
경상북도,경산시,,263381,58327
경상북도,경산시,하양읍,32596,6212
경상북도,경산시,진량읍,32613,6757
경상북도,경산시,압량읍,21986,3813
경상북도,경산시,와촌면,5078,2256
경상북도,경산시,자인면,5014,2298
경상북도,경산시,용성면,3142,1674
경상북도,경산시,남산면,3447,1681
경상북도,경산시,남천면,2617,1283
경상북도,경산시,중방동,10685,2599
경상북도,경산시,중앙동,5535,1767
경상북도,경산시,남부동,18207,4262
경상북도,경산시,서부1동,29750,6828
경상북도,경산시,서부2동,41576,7312
경상북도,경산시,북부동,15907,2754
경상북도,경산시,동부동,35228,6831
경상북도,의성군,,47875,23646
경상북도,의성군,의성읍,12085,4360
경상북도,의성군,단촌면,1821,1030
경상북도,의성군,점곡면,1478,880
경상북도,의성군,옥산면,1656,910
경상북도,의성군,사곡면,1494,887
경상북도,의성군,춘산면,1464,840
경상북도,의성군,가음면,1404,800
경상북도,의성군,금성면,3973,2151
경상북도,의성군,봉양면,3797,1790
경상북도,의성군,비안면,2464,1370
경상북도,의성군,구천면,1616,952
경상북도,의성군,단밀면,1581,840
경상북도,의성군,단북면,1630,903
경상북도,의성군,안계면,4207,1777
경상북도,의성군,다인면,3530,1986
경상북도,의성군,신평면,795,464
경상북도,의성군,안평면,2043,1223
경상북도,의성군,안사면,837,483
경상북도,청송군,,23325,10595
경상북도,청송군,청송읍,4827,1735
경상북도,청송군,주왕산면,1753,902
경상북도,청송군,부남면,2316,1235
경상북도,청송군,현동면,1979,903
경상북도,청송군,현서면,2367,1225
경상북도,청송군,안덕면,2392,1277
경상북도,청송군,파천면,1645,917
경상북도,청송군,진보면,6046,2401
경상북도,영양군,,15997,6887
경상북도,영양군,영양읍,7092,2358
경상북도,영양군,입암면,2076,1028
경상북도,영양군,청기면,1601,920
경상북도,영양군,일월면,1693,836
경상북도,영양군,수비면,1621,774
경상북도,영양군,석보면,1914,971
경상북도,영덕군,,32627,14746
경상북도,영덕군,영덕읍,10020,3195
경상북도,영덕군,강구면,5486,2546
경상북도,영덕군,남정면,2179,1215
경상북도,영덕군,달산면,1055,627
경상북도,영덕군,지품면,1367,769
경상북도,영덕군,지품면원전출장소,509,314
경상북도,영덕군,축산면,852,478
경상북도,영덕군,축산면축산출장소,1434,793
경상북도,영덕군,영해면,5775,2499
경상북도,영덕군,병곡면,2470,1385
경상북도,영덕군,창수면,1480,925
경상북도,청도군,,40115,18713
경상북도,청도군,화양읍,6855,2354
경상북도,청도군,화양읍남성현출장소,1058,563
경상북도,청도군,청도읍,9506,3771
경상북도,청도군,청도읍유호출장소,1474,810
경상북도,청도군,각남면,2116,1167
경상북도,청도군,풍각면,3612,1865
경상북도,청도군,각북면,2271,1213
경상북도,청도군,이서면,4495,2150
경상북도,청도군,운문면,1906,1039
경상북도,청도군,금천면,3127,1747
경상북도,청도군,매전면,3695,2034
경상북도,고령군,,29648,11900
경상북도,고령군,대가야읍,9316,3030
경상북도,고령군,덕곡면,1406,768
경상북도,고령군,운수면,1731,914
경상북도,고령군,성산면,2420,1125
경상북도,고령군,다산면,8399,2696
경상북도,고령군,개진면,1779,889
경상북도,고령군,우곡면,1490,813
경상북도,고령군,쌍림면,3107,1665
경상북도,성주군,,40636,16840
경상북도,성주군,성주읍,13038,3625
경상북도,성주군,선남면,5754,2497
경상북도,성주군,용암면,3444,1662
경상북도,성주군,수륜면,3126,1570
경상북도,성주군,가천면,1891,991
경상북도,성주군,금수강산면,1148,611
경상북도,성주군,대가면,2234,1122
경상북도,성주군,벽진면,2793,1455
경상북도,성주군,초전면,4083,1849
경상북도,성주군,월항면,3125,1458
경상북도,칠곡군,,104596,23051
경상북도,칠곡군,왜관읍,29910,7217
경상북도,칠곡군,북삼읍,22447,3531
경상북도,칠곡군,석적읍,29289,2554
경상북도,칠곡군,지천면,3658,1871
경상북도,칠곡군,동명면,4865,2332
경상북도,칠곡군,가산면,3153,1512
경상북도,칠곡군,약목면,8448,2943
경상북도,칠곡군,기산면,2826,1091
경상북도,예천군,,53879,18639
경상북도,예천군,예천읍,13476,5066
경상북도,예천군,호명읍,20971,2404
경상북도,예천군,용문면,2030,1179
경상북도,예천군,감천면,2387,1432
경상북도,예천군,보문면,1510,884
경상북도,예천군,유천면,2382,1090
경상북도,예천군,용궁면,2177,1273
경상북도,예천군,개포면,1400,910
경상북도,예천군,지보면,2464,1489
경상북도,예천군,풍양면,2696,1586
경상북도,예천군,효자면,1154,627
경상북도,예천군,은풍면,1232,699
경상북도,봉화군,,28252,12892
경상북도,봉화군,봉화읍,8857,3179
경상북도,봉화군,물야면,2825,1526
경상북도,봉화군,봉성면,1859,1012
경상북도,봉화군,법전면,1845,988
경상북도,봉화군,춘양면,4084,1929
경상북도,봉화군,소천면,2017,1068
경상북도,봉화군,재산면,1367,674
경상북도,봉화군,명호면,2020,1038
경상북도,봉화군,상운면,1610,929
경상북도,봉화군,석포면,1768,549
경상북도,울진군,,45853,15511
경상북도,울진군,울진읍,13800,3072
경상북도,울진군,평해읍,2428,1242
경상북도,울진군,북면,6824,1366
경상북도,울진군,북면하당출장소,609,325
경상북도,울진군,근남면,2661,1122
경상북도,울진군,기성면,2240,1215
경상북도,울진군,온정면,1514,880
경상북도,울진군,죽변면,5899,2032
경상북도,울진군,후포면,6830,2629
경상북도,울진군,금강송면,1192,616
경상북도,울진군,매화면,1856,1012
경상북도,울릉군,,8706,2809
경상북도,울릉군,울릉읍,6083,1803
경상북도,울릉군,서면,893,330
경상북도,울릉군,서면태하출장소,447,213
경상북도,울릉군,북면,1283,463
경상남도,,,3205787,749900
경상남도,창원시,,990407,206776
경상남도,창원시,의창구,207050,41703
경상남도,창원시 의창구,동읍,18289,5146
경상남도,창원시 의창구,북면,44527,7012
경상남도,창원시 의창구,대산면,6489,2706
경상남도,창원시 의창구,의창동,47311,8764
경상남도,창원시 의창구,팔룡동,24184,3534
경상남도,창원시 의창구,명곡동,38096,7956
경상남도,창원시 의창구,봉림동,28154,6585
경상남도,창원시,성산구,247164,35891
경상남도,창원시 성산구,반송동,37767,6202
경상남도,창원시 성산구,용지동,25191,4196
경상남도,창원시 성산구,중앙동,43672,4957
경상남도,창원시 성산구,상남동,25684,3687
경상남도,창원시 성산구,사파동,43061,6658
경상남도,창원시 성산구,가음정동,38443,5338
경상남도,창원시 성산구,성주동,26618,3198
경상남도,창원시 성산구,웅남동,6728,1655
경상남도,창원시,마산합포구,175634,48430
경상남도,창원시 마산합포구,구산면,3810,1962
경상남도,창원시 마산합포구,진동면,11260,3262
경상남도,창원시 마산합포구,진북면,3018,1480
경상남도,창원시 마산합포구,진전면,3575,2027
경상남도,창원시 마산합포구,현동,14620,2625
경상남도,창원시 마산합포구,가포동,5272,855
경상남도,창원시 마산합포구,월영동,40500,7671
경상남도,창원시 마산합포구,문화동,10492,3239
경상남도,창원시 마산합포구,반월중앙동,12784,3984
경상남도,창원시 마산합포구,완월동,8083,2692
경상남도,창원시 마산합포구,자산동,8661,2985
경상남도,창원시 마산합포구,교방동,18602,4508
경상남도,창원시 마산합포구,오동동,17605,5826
경상남도,창원시 마산합포구,합포동,6297,1979
경상남도,창원시 마산합포구,산호동,11055,3335
경상남도,창원시,마산회원구,176002,44060
경상남도,창원시 마산회원구,내서읍,57536,11296
경상남도,창원시 마산회원구,회원1동,9214,3721
경상남도,창원시 마산회원구,회원2동,9241,2684
경상남도,창원시 마산회원구,석전동,15345,4549
경상남도,창원시 마산회원구,회성동,4997,2071
경상남도,창원시 마산회원구,양덕1동,9962,3113
경상남도,창원시 마산회원구,양덕2동,33996,5925
경상남도,창원시 마산회원구,합성1동,8388,2355
경상남도,창원시 마산회원구,합성2동,8345,2394
경상남도,창원시 마산회원구,구암1동,7774,2686
경상남도,창원시 마산회원구,구암2동,8524,2419
경상남도,창원시 마산회원구,봉암동,2680,847
경상남도,창원시,진해구,184557,36692
경상남도,창원시 진해구,충무동,15101,3686
경상남도,창원시 진해구,여좌동,7574,2953
경상남도,창원시 진해구,태백동,3394,1373
경상남도,창원시 진해구,경화동,9648,2442
경상남도,창원시 진해구,병암동,6737,1934
경상남도,창원시 진해구,석동,16648,2791
경상남도,창원시 진해구,이동,8118,2518
경상남도,창원시 진해구,자은동,19738,3700
경상남도,창원시 진해구,덕산동,8941,2032
경상남도,창원시 진해구,풍호동,24357,4053
경상남도,창원시 진해구,웅천동,14018,2247
경상남도,창원시 진해구,웅동1동,7523,1776
경상남도,창원시 진해구,웅동2동,42760,5187
경상남도,진주시,,335342,74552
경상남도,진주시,문산읍,7461,2396
경상남도,진주시,내동면,3879,974
경상남도,진주시,정촌면,8688,1644
경상남도,진주시,금곡면,1986,1059
경상남도,진주시,진성면,1698,900
경상남도,진주시,일반성면,2316,975
경상남도,진주시,이반성면,1430,851
경상남도,진주시,사봉면,1336,767
경상남도,진주시,지수면,1311,673
경상남도,진주시,대곡면,2814,1562
경상남도,진주시,금산면,19406,3845
경상남도,진주시,집현면,4264,1504
경상남도,진주시,미천면,1435,847
경상남도,진주시,명석면,3672,1695
경상남도,진주시,대평면,942,475
경상남도,진주시,수곡면,2031,1031
경상남도,진주시,천전동,26370,6988
경상남도,진주시,성북동,9301,2891
경상남도,진주시,중앙동,9896,4158
경상남도,진주시,상봉동,12486,4093
경상남도,진주시,상대동,17679,4894
경상남도,진주시,하대동,21855,5048
경상남도,진주시,상평동,10370,2650
경상남도,진주시,초장동,27518,2771
경상남도,진주시,평거동,24890,4496
경상남도,진주시,신안동,10758,3155
경상남도,진주시,이현동,9733,2651
경상남도,진주시,판문동,19886,3196
경상남도,진주시,가호동,36202,4167
경상남도,진주시,충무공동,33729,2196
경상남도,통영시,,116419,32145
경상남도,통영시,산양읍,4096,1813
경상남도,통영시,용남면,11321,2636
경상남도,통영시,도산면,2553,1351
경상남도,통영시,광도면,31734,4559
경상남도,통영시,욕지면,1880,799
경상남도,통영시,한산면,1823,1018
경상남도,통영시,사량면,1330,736
경상남도,통영시,도천동,7854,2722
경상남도,통영시,명정동,2399,1141
경상남도,통영시,중앙동,3158,1396
경상남도,통영시,정량동,7566,2641
경상남도,통영시,북신동,9505,3182
경상남도,통영시,미수동,9779,2654
경상남도,통영시,봉평동,8707,2883
경상남도,통영시,무전동,12714,2614
경상남도,사천시,,107954,29411
경상남도,사천시,사천읍,16679,3343
경상남도,사천시,정동면,13391,2193
경상남도,사천시,사남면,18222,2466
경상남도,사천시,용현면,8305,2251
경상남도,사천시,축동면,1436,734
경상남도,사천시,곤양면,2990,1536
경상남도,사천시,곤명면,2588,1357
경상남도,사천시,서포면,3175,1594
경상남도,사천시,동서동,5013,2501
경상남도,사천시,선구동,4503,1722
경상남도,사천시,동서금동,5914,1871
경상남도,사천시,벌용동,14345,3912
경상남도,사천시,향촌동,6517,1931
경상남도,사천시,남양동,4661,1875
경상남도,사천시,신수출장소,215,125
경상남도,사천남양출장소,,0,0
경상남도,김해시,,533275,87605
경상남도,김해시,진영읍,52823,8907
경상남도,김해시,주촌면,20486,2099
경상남도,김해시,진례면,5456,2162
경상남도,김해시,한림면,6385,2886
경상남도,김해시,생림면,3325,1591
경상남도,김해시,상동면,2874,1210
경상남도,김해시,대동면,4921,2536
경상남도,김해시,동상동,8389,2189
경상남도,김해시,회현동,7971,2366
경상남도,김해시,부원동,8789,2180
경상남도,김해시,내외동,67228,11146
경상남도,김해시,북부동,80734,11094
경상남도,김해시,칠산서부동,8570,2415
경상남도,김해시,활천동,35763,7434
경상남도,김해시,삼안동,35046,6786
경상남도,김해시,불암동,6465,1515
경상남도,김해시,장유1동,69049,7826
경상남도,김해시,장유2동,36660,4604
경상남도,김해시,장유3동,72341,6659
경상남도,장유출장소,,0,0
경상남도,밀양시,,99087,36364
경상남도,밀양시,삼랑진읍,4835,2362
경상남도,밀양시,삼랑진임천출장소,1333,623
경상남도,밀양시,하남읍,6497,2959
경상남도,밀양시,부북면,5230,2436
경상남도,밀양시,상동면,3057,1713
경상남도,밀양시,산외면,2719,1364
경상남도,밀양시,산내면,3628,1842
경상남도,밀양시,단장면,4154,2164
경상남도,밀양시,상남면,7469,3077
경상남도,밀양시,초동면,3196,1744
경상남도,밀양시,무안면,4465,2354
경상남도,밀양시,청도면,1659,1007
경상남도,밀양시,내일동,2402,1073
경상남도,밀양시,내이동,17128,3557
경상남도,밀양시,삼문동,18719,4045
경상남도,밀양시,가곡동,7291,2516
경상남도,밀양시,교동,5305,1528
경상남도,거제시,,230871,39328
경상남도,거제시,일운면,7807,2324
경상남도,거제시,동부면,2769,1299
경상남도,거제시,남부면,1379,692
경상남도,거제시,거제면,6748,2503
경상남도,거제시,둔덕면,2564,1258
경상남도,거제시,사등면,10626,2395
경상남도,거제시,사등면가조출장소,1016,474
경상남도,거제시,연초면,9641,2225
경상남도,거제시,하청면,2911,1206
경상남도,거제시,하청면칠천출장소,1019,546
경상남도,거제시,장목면,2668,1309
경상남도,거제시,장목면외포출장소,1212,560
경상남도,거제시,장승포동,5038,1221
경상남도,거제시,능포동,8164,2193
경상남도,거제시,아주동,24545,1701
경상남도,거제시,옥포1동,7181,1344
경상남도,거제시,옥포2동,23432,4188
경상남도,거제시,장평동,19175,2246
경상남도,거제시,고현동,35951,5181
경상남도,거제시,상문동,34713,2496
경상남도,거제시,수양동,22312,1967
경상남도,양산시,,361349,69520
경상남도,양산시,물금읍,117271,15667
경상남도,양산시,동면,57579,8300
경상남도,양산시,원동면,3102,1690
경상남도,양산시,상북면,13625,4312
경상남도,양산시,하북면,7260,2933
경상남도,양산시,중앙동,10640,3226
경상남도,양산시,양주동,29558,5940
경상남도,양산시,삼성동,19474,4068
경상남도,양산시,강서동,8124,1791
경상남도,양산시,서창동,25833,5287
경상남도,양산시,소주동,19481,4862
경상남도,양산시,평산동,28168,7402
경상남도,양산시,덕계동,21234,4042
경상남도,양산시웅상출장소,,0,0
경상남도,의령군,,24591,10981
경상남도,의령군,의령읍,8863,2439
경상남도,의령군,가례면,1544,812
경상남도,의령군,칠곡면,1124,609
경상남도,의령군,대의면,1017,527
경상남도,의령군,화정면,1424,729
경상남도,의령군,용덕면,1375,720
경상남도,의령군,정곡면,1286,728
경상남도,의령군,지정면,1715,959
경상남도,의령군,낙서면,665,407
경상남도,의령군,부림면,2528,1207
경상남도,의령군,봉수면,937,538
경상남도,의령군,궁류면,1022,665
경상남도,의령군,유곡면,1091,641
경상남도,함안군,,57548,19392
경상남도,함안군,가야읍,16605,4542
경상남도,함안군,칠원읍,17577,3837
경상남도,함안군,함안면,2270,1147
경상남도,함안군,군북면,5578,2491
경상남도,함안군,법수면,2576,1322
경상남도,함안군,대산면,2997,1684
경상남도,함안군,칠서면,4802,1702
경상남도,함안군,칠북면,1756,992
경상남도,함안군,산인면,2504,1174
경상남도,함안군,여항면,883,501
경상남도,창녕군,,54924,22133
경상남도,창녕군,창녕읍,15086,4501
경상남도,창녕군,남지읍,11261,3752
경상남도,창녕군,고암면,1736,922
경상남도,창녕군,성산면,1473,785
경상남도,창녕군,대합면,3453,1666
경상남도,창녕군,이방면,2339,1111
경상남도,창녕군,유어면,1566,898
경상남도,창녕군,대지면,2264,947
경상남도,창녕군,계성면,2048,1031
경상남도,창녕군,영산면,4786,2024
경상남도,창녕군,장마면,1714,930
경상남도,창녕군,도천면,2440,1131
경상남도,창녕군,길곡면,1417,760
경상남도,창녕군,부곡면,3341,1675
경상남도,고성군,,47018,18575
경상남도,고성군,고성읍,22501,6327
경상남도,고성군,삼산면,1662,874
경상남도,고성군,하일면,1703,931
경상남도,고성군,하이면,2467,1075
경상남도,고성군,상리면,1447,810
경상남도,고성군,대가면,1542,880
경상남도,고성군,영현면,831,515
경상남도,고성군,영오면,1279,669
경상남도,고성군,개천면,1008,567
경상남도,고성군,구만면,943,531
경상남도,고성군,회화면,3187,1395
경상남도,고성군,마암면,1599,861
경상남도,고성군,동해면,2893,1462
경상남도,고성군,거류면,3956,1678
경상남도,남해군,,40874,17816
경상남도,남해군,남해읍,12557,3507
경상남도,남해군,이동면,3550,1813
경상남도,남해군,상주면,1567,734
경상남도,남해군,삼동면,3746,1863
경상남도,남해군,미조면,2090,883
경상남도,남해군,남면,3372,1671
경상남도,남해군,서면,2589,1328
경상남도,남해군,고현면,3229,1693
경상남도,남해군,설천면,2684,1516
경상남도,남해군,창선면,5490,2808
경상남도,하동군,,39942,17445
경상남도,하동군,하동읍,9112,3021
경상남도,하동군,화개면,2733,1161
경상남도,하동군,악양면,3250,1577
경상남도,하동군,적량면,1756,887
경상남도,하동군,횡천면,1743,930
경상남도,하동군,고전면,1933,995
경상남도,하동군,금남면,3077,1522
경상남도,하동군,진교면,5450,2173
경상남도,하동군,양보면,1554,890
경상남도,하동군,북천면,1453,794
경상남도,하동군,청암면,1296,647
경상남도,하동군,옥종면,3990,1809
경상남도,하동군,금성면,2595,1039
경상남도,산청군,,32739,14737
경상남도,산청군,산청읍,6450,2279
경상남도,산청군,차황면,1292,737
경상남도,산청군,오부면,958,539
경상남도,산청군,생초면,1807,1020
경상남도,산청군,금서면,2821,1302
경상남도,산청군,삼장면,1730,884
경상남도,산청군,시천면,3837,1712
경상남도,산청군,단성면,5449,2620
경상남도,산청군,신안면,5413,1976
경상남도,산청군,생비량면,1102,629
경상남도,산청군,신등면,1880,1039
경상남도,함양군,,35414,14658
경상남도,함양군,함양읍,16813,4910
경상남도,함양군,마천면,1951,969
경상남도,함양군,휴천면,1408,750
경상남도,함양군,유림면,1522,857
경상남도,함양군,수동면,2136,1068
경상남도,함양군,지곡면,1912,1009
경상남도,함양군,안의면,3960,2079
경상남도,함양군,서하면,1292,730
경상남도,함양군,서상면,1647,884
경상남도,함양군,백전면,1553,792
경상남도,함양군,병곡면,1220,610
경상남도,거창군,,58898,19853
경상남도,거창군,거창읍,39645,9330
경상남도,거창군,주상면,1419,816
경상남도,거창군,웅양면,1730,929
경상남도,거창군,고제면,1283,702
경상남도,거창군,북상면,1498,798
경상남도,거창군,위천면,1815,932
경상남도,거창군,마리면,1856,1000
경상남도,거창군,남상면,2178,1150
경상남도,거창군,남하면,1357,789
경상남도,거창군,신원면,1442,872
경상남도,거창군,가조면,3403,1796
경상남도,거창군,가북면,1272,739
경상남도,합천군,,39135,18609
경상남도,합천군,합천읍,10386,2945
경상남도,합천군,봉산면,1313,757
경상남도,합천군,묘산면,1376,822
경상남도,합천군,가야면,3730,1855
경상남도,합천군,야로면,2177,1141
경상남도,합천군,율곡면,2016,1120
경상남도,합천군,초계면,2093,1059
경상남도,합천군,쌍책면,1128,704
경상남도,합천군,덕곡면,759,451
경상남도,합천군,청덕면,1432,832
경상남도,합천군,적중면,1227,712
경상남도,합천군,대양면,1626,704
경상남도,합천군,쌍백면,1549,942
경상남도,합천군,삼가면,2863,1527
경상남도,합천군,가회면,1652,912
경상남도,합천군,대병면,1796,988
경상남도,합천군,용주면,2012,1138
제주특별자치도,,,663995,134155
제주특별자치도,제주시,,484763,90308
제주특별자치도,제주시,한림읍,20083,5441
제주특별자치도,제주시,애월읍,38207,8030
제주특별자치도,제주시,구좌읍,14890,4526
제주특별자치도,제주시,조천읍,25856,5902
제주특별자치도,제주시,한경면,9417,2961
제주특별자치도,제주시,추자면,1539,633
제주특별자치도,제주시,우도면,1490,469
제주특별자치도,제주시,일도1동,2063,725
제주특별자치도,제주시,일도2동,30796,6755
제주특별자치도,제주시,이도1동,7566,1723
제주특별자치도,제주시,이도2동,46025,7517
제주특별자치도,제주시,삼도1동,12523,2993
제주특별자치도,제주시,삼도2동,7593,1890
제주특별자치도,제주시,용담1동,6272,1733
제주특별자치도,제주시,용담2동,13504,3448
제주특별자치도,제주시,건입동,8367,2388
제주특별자치도,제주시,화북동,22943,4142
제주특별자치도,제주시,삼양동,26685,3579
제주특별자치도,제주시,봉개동,5131,1086
제주특별자치도,제주시,아라동,40762,4765
제주특별자치도,제주시,오라동,16078,2107
제주특별자치도,제주시,연동,42839,6318
제주특별자치도,제주시,노형동,54294,6942
제주특별자치도,제주시,외도동,22387,2723
제주특별자치도,제주시,이호동,4239,912
제주특별자치도,제주시,도두동,3214,600
제주특별자치도,서귀포시,,179232,43847
제주특별자치도,서귀포시,대정읍,21601,5118
제주특별자치도,서귀포시,남원읍,17778,5476
제주특별자치도,서귀포시,성산읍,14596,4651
제주특별자치도,서귀포시,안덕면,12240,3063
제주특별자치도,서귀포시,표선면,12749,3361
제주특별자치도,서귀포시,송산동,3742,1149
제주특별자치도,서귀포시,정방동,2023,620
제주특별자치도,서귀포시,중앙동,2950,1065
제주특별자치도,서귀포시,천지동,3304,953
제주특별자치도,서귀포시,효돈동,5205,1523
제주특별자치도,서귀포시,영천동,5041,1539
제주특별자치도,서귀포시,동홍동,22648,4277
제주특별자치도,서귀포시,서홍동,11012,1897
제주특별자치도,서귀포시,대륜동,14883,3058
제주특별자치도,서귀포시,대천동,13724,2585
제주특별자치도,서귀포시,중문동,12015,2424
제주특별자치도,서귀포시,예래동,3721,1088
